"Name","RigFileName","Scale","Angle","Pitch","StateName","FileName","StartFrame","EndFrame","PlaybackSpeed","Looping","Effect","EffectDelay","Sound","EffectOffset","TargetEffect","TargetEffectDelay","Immediate","WaitForState","EventLengthRatio","VerticalTileOffset","RunSpeed","Acceleration","TrailColor","TrailSpeedLimit","ReTrigger","CameraInfoScreen","CameraRewardScreen","CameraMapScreen","CameraCardButton","CameraCardButtonWide","IgnoreAngle","BlendTimeMS","HideGeometriesList","MergeGeometriesList","JumpHeight","NextState","WorldLayer","SmoothingType","SmoothingSteps","TransferFrom","TransferTarget"
"string","string","int","int","int","string","string","int","int","int","boolean","string","int","string","string","string","int","boolean","string","int","int","int","int","string","int","boolean","string","string","string","string","string","boolean","int","string","string","int","string","int","string","int","string","string"
"Barbarian","chr_barbarian_rig.glb",8,90,90,"idle","chr_barbarian_anim_idle.glb",-1,-1,100,"true",,0,,,,0,"false",,100,-30,11,4,"0xffffff60",9,"false","info_screen_barbarian","info_screen_barbarian",,"card_button_barbarian","card_button_wide_barbarian","false",250,"swordGeo_02;swordGeo_03;swordGeo_04","wristbandsGeo; skirtGeo; bodyGeo; beltBuckleGeo",0,,,,,,
,,,,,"fill","chr_barbarian_anim_run.glb",-1,-1,100,"true",,0,,,,0,"false",,100,,,,,,"false",,,,,,,250,,,,,,,,,
,,,,,"attack run","chr_barbarian_anim_run.glb",-1,-1,100,"true","barbarian_trail_dust",0,,,,0,"false",,100,,,,,,"false",,,,,,,250,,,,,,,,,
,,,,,"attack","chr_barbarian_anim_attack.glb",-1,-1,100,"true","barbarian_lv1_attack",0,,,"gen_hit_melee",0,"false",,50,,,,,,"false",,,,,,,50,,,,,,,,,
,,,,,"aim","chr_barbarian_anim_aim.glb",-1,8,100,"false",,0,,,,0,"false",,100,,,,,,"false",,,,,,,250,,,,,,,,,
,,,,,"aim idle","chr_barbarian_anim_aim.glb",-1,-1,200,"false","barbarian_tap",0,,,,0,"false",,100,,,,,,"false",,,,,,,250,,,,,,,,,
,,,,,"anticipate","chr_barbarian_anim_attack_anticipation.glb",-1,-1,100,"false",,0,,,,0,"false",,100,,,,,,"false",,,,,,,250,,,,,,,,,
,,,,,"movenext","chr_barbarian_anim_movenext.glb",-1,-1,100,"false",,0,,,,0,"false",,100,,,,,,"false",,,,,,,250,,,,,,,,,
,,,,,"damage","chr_barbarian_anim_hurt.glb",-1,-1,100,"false","gen_hit_melee",0,,,,0,"false",,100,,,,,,"true",,,,,,,250,,,,,,,,,
,,,,,"brace","chr_barbarian_anim_brace.glb",-1,-1,100,"true",,0,,,,0,"false",,100,,,,,,"false",,,,,,,250,,,,,,,,,
,,,,,"celebrate","chr_barbarian_anim_celebrate.glb",-1,-1,100,"false",,0,,,,0,"false",,100,,,,,,"false",,,,,,,250,,,,,,,,,
,,,,,"used",,-1,-1,100,"false","gen_used_ground",0,,,,0,"false",,100,,,,,,"false",,,,,,,250,,,,,,,,,
,,,,,"die",,-1,-1,100,"false","Die",0,,,,0,"false",,100,,,,,,"false",,,,,,,250,,,,,,,,,
,,,,,,,,,,,,,,,,,,,,,,,,,,,,,,,,,,,,,,,,,
"MenuBarbarian","chr_barbarian_menu_rig.glb",8,90,90,"idle","chr_barbarian_menu_anim_ui_idle.glb",-1,-1,100,"true",,0,,,,0,"false",,100,-30,11,4,"0xffffff60",9,"false","info_screen_barbarian","info_screen_barbarian",,"card_button_barbarian","card_button_wide_barbarian","false",250,"swordGeo_02;swordGeo_03;swordGeo_04","wristbandsGeo; skirtGeo; bodyGeo; beltBuckleGeo",0,,,,,,
,,,,,"upgrade","chr_barbarian_menu_anim_upgrade.glb",-1,-1,100,"false",,0,"Ingame_Barb_Troop_Move",,,0,"false",,100,,,,,,"false",,,,,,,250,,,,,,,,,
,,,,,"item equipped","chr_barbarian_menu_anim_item.glb",-1,-1,100,"false",,0,,,,0,"false",,100,,,,,,"false",,,,,,,250,,,,,,,,,
,,,,,"unlock","chr_barbarian_menu_anim_upgrade.glb",-1,-1,100,"false",,0,,,,0,"false",,100,,,,,,"false",,,,,,,250,,,,,,,,,
,,,,,"cap increase","chr_barbarian_menu_anim_upgrade.glb",-1,-1,100,"false",,0,,,,0,"false",,100,,,,,,"false",,,,,,,250,,,,,,,,,
"MenuBarbarianSword2","barbarian_sword_2_rig.glb",8,,,"idle",,-1,-1,100,"false",,0,,,,0,"false",,100,,,,,,"false","info_screen_item_default","reward_screen_item_default",,,,,,,,,,,,,,
,,,,,"upgrade","item_anim_upgrade.glb",-1,-1,100,"false",,0,,,,0,"false",,100,,,,,,"false",,,,,,,,,,,,,,,,
"MenuBarbarianSword3","barbarian_sword_3_rig.glb",8,,,"idle",,-1,-1,100,"false",,0,,,,0,"false",,100,,,,,,"false","info_screen_item_default","reward_screen_item_default",,,,,,,,,,,,,,
,,,,,"upgrade","item_anim_upgrade.glb",-1,-1,100,"false",,0,,,,0,"false",,100,,,,,,"false",,,,,,,,,,,,,,,,
"MenuBarbarianSword4","barbarian_sword_4_rig.glb",8,,,"idle",,-1,-1,100,"false",,0,,,,0,"false",,100,,,,,,"false","info_screen_item_default","reward_screen_item_default",,,,,,,,,,,,,,
,,,,,"upgrade","item_anim_upgrade.glb",-1,-1,100,"false",,0,,,,0,"false",,100,,,,,,"false",,,,,,,,,,,,,,,,
"Archer","chr_archer_rig.glb",8,90,90,"idle","chr_archer_anim_idle.glb",-1,32,100,"true",,0,,,,0,"false",,100,-30,5,0,"0x00000000",9,"false","info_screen_archer","info_screen_archer",,"card_button_archer","card_button_wide_archer","false",250,"bowGeo_02;bowGeo_03;bowGeo_04","legsGeo; hairGeo; capeGeo; bodyGeo; bagGeo; armsGeo",0,,,,,,
,,,,,"fill","chr_archer_anim_run.glb",-1,20,100,"true",,0,,,,0,"false",,100,,,,,,"false",,,,,,,250,,,,,,,,,
,,,,,"attack","chr_archer_anim_attack.glb",-1,18,100,"false","archer_lv1_attack",0,,,"gen_hit_melee_punch",0,"false","aim",15,,,,,,"true",,,,,,,50,,,,,,,,,
,,,,,"aim","chr_archer_anim_aim.glb",-1,16,100,"false","archer_atk_seq",0,,,,0,"false",,100,,,,,,"false",,,,,,,250,,,,,,,,,
,,,,,"aim idle","chr_archer_anim_aim.glb",-1,16,200,"false","archer_tap",0,,,,0,"false",,100,,,,,,"false",,,,,,,250,,,,,,,,,
,,,,,"damage","chr_archer_anim_hurt.glb",-1,22,100,"false","gen_hit_melee",0,,,,0,"true",,100,,,,,,"true",,,,,,,250,,,,,,,,,
,,,,,"brace","chr_archer_anim_brace.glb",-1,-1,100,"true",,0,,,,0,"false",,100,,,,,,"false",,,,,,,250,,,,,,,,,
,,,,,"celebrate","chr_archer_anim_celebrate.glb",-1,-1,100,"false",,0,,,,0,"false",,100,,,,,,"false",,,,,,,250,,,,,,,,,
,,,,,"used",,-1,-1,100,"false","gen_used_ground",0,,,,0,"false","attack",100,,,,,,"false",,,,,,,250,,,,,,,,,
,,,,,"die",,-1,-1,100,"false","Die",0,,,,0,"true",,100,,,,,,"false",,,,,,,250,,,,,,,,,
"MenuArcher","chr_archer_menu_rig.glb",8,90,90,"idle","chr_archer_menu_anim_ui_idle.glb",-1,-1,100,"true",,0,,,,0,"false",,100,-30,5,0,"0x00000000",9,"false","info_screen_archer","info_screen_archer",,"card_button_archer","card_button_wide_archer","false",250,"bowGeo_02;bowGeo_03;bowGeo_04","legsGeo; hairGeo; capeGeo; bodyGeo; bagGeo; armsGeo",0,,,,,,
,,,,,"upgrade","chr_archer_menu_anim_upgrade.glb",-1,-1,100,"false",,0,"Ingame_Archer_Tap",,,0,"false",,100,,,,,,"false",,,,,,,250,,,,,,,,,
,,,,,"item equipped","chr_archer_menu_anim_item.glb",-1,-1,100,"false",,0,,,,0,"false",,100,,,,,,"false",,,,,,,250,,,,,,,,,
,,,,,"idle2","chr_archer_menu_anim_point_idle.glb",-1,-1,100,"true",,0,,,,0,"false",,100,,,,,,"false",,,,,,,250,,,,,,,,,
,,,,,"wet","chr_archer_menu_anim_point.glb",-1,-1,100,"false",,0,,,,0,"false",,100,,,,,,"false",,,,,,,250,,,,,,,,,
,,,,,"unlock","chr_archer_menu_anim_upgrade.glb",-1,-1,100,"false",,0,,,,0,"false",,100,,,,,,"false",,,,,,,250,,,,,,,,,
,,,,,"cap increase","chr_archer_menu_anim_upgrade.glb",-1,-1,100,"false",,0,,,,0,"false",,100,,,,,,"false",,,,,,,250,,,,,,,,,
"MenuArcherBow2","archer_bow_2_rig.glb",8,,,"idle",,-1,-1,100,"false",,0,,,,0,"false",,100,,,,,,"false","info_screen_item_default","reward_screen_item_default",,,,,,,,,,,,,,
,,,,,"upgrade","item_anim_upgrade.glb",-1,-1,100,"false",,0,,,,0,"false",,100,,,,,,"false",,,,,,,,,,,,,,,,
"MenuArcherBow3","archer_bow_3_rig.glb",8,,,"idle",,-1,-1,100,"false",,0,,,,0,"false",,100,,,,,,"false","info_screen_item_default","reward_screen_item_default",,,,,,,,,,,,,,
,,,,,"upgrade","item_anim_upgrade.glb",-1,-1,100,"false",,0,,,,0,"false",,100,,,,,,"false",,,,,,,,,,,,,,,,
"MenuArcherBow4","archer_bow_4_rig.glb",8,,,"idle",,-1,-1,100,"false",,0,,,,0,"false",,100,,,,,,"false","info_screen_item_default","reward_screen_item_default",,,,,,,,,,,,,,
,,,,,"upgrade","item_anim_upgrade.glb",-1,-1,100,"false",,0,,,,0,"false",,100,,,,,,"false",,,,,,,,,,,,,,,,
"Wall","wall_jungle_lv1.glb",11,270,90,,,-1,-1,100,"false",,0,,,,0,"false",,100,0,5,0,"0x00000000",9,"false",,,,,,"false",250,,,0,,,,,,
,,,,,"damage",,-1,-1,100,"false","building_attacked_wood",0,,,,0,"false",,100,,,,,,"false",,,,,,,250,,,,,,,,,
,,,,,"die",,-1,-1,100,"false","building_destroyed_wood",0,,,,0,"false",,100,,,,,,"false",,,,,,,250,,,,,,,,,
"WallElectro","wall_electro_lv1.glb",11,270,90,,,-1,-1,100,"false",,0,,,,0,"false",,100,0,5,0,"0x00000000",9,"false",,,,,,"false",250,,,0,,,,,,
,,,,,"damage",,-1,-1,100,"false","building_attacked_wood",0,,,,0,"false",,100,,,,,,"false",,,,,,,250,,,,,,,,,
,,,,,"die",,-1,-1,100,"false","building_destroyed_wood",0,,,,0,"false",,100,,,,,,"false",,,,,,,250,,,,,,,,,
"WallLava","wall_lava_lv1.glb",11,270,90,,,-1,-1,100,"false",,0,,,,0,"false",,100,0,5,0,"0x00000000",9,"false",,,,,,"false",250,,,0,,,,,,
,,,,,"damage",,-1,-1,100,"false","building_attacked_wood",0,,,,0,"false",,100,,,,,,"false",,,,,,,250,,,,,,,,,
,,,,,"die",,-1,-1,100,"false","building_destroyed_wood",0,,,,0,"false",,100,,,,,,"false",,,,,,,250,,,,,,,,,
"WallSpell","wall_spell_lv1.glb",11,270,90,,,-1,-1,100,"false",,0,,,,0,"false",,100,0,5,0,"0x00000000",9,"false",,,,,,"false",250,,,0,,,,,,
,,,,,"damage",,-1,-1,100,"false","building_attacked_wood",0,,,,0,"false",,100,,,,,,"false",,,,,,,250,,,,,,,,,
,,,,,"die",,-1,-1,100,"false","building_destroyed_wood",0,,,,0,"false",,100,,,,,,"false",,,,,,,250,,,,,,,,,
"GoldStorage","goldstorage_lv1.glb",10,90,90,"idle",,-1,-1,100,"false","goldStorage_idle",0,,,,0,"false",,100,-16,5,0,"0x00000000",9,"false",,,,,,"false",250,,,0,,,,,,
,,,,,"damage",,-1,-1,100,"false","building_attacked_gold",0,,,,0,"false",,100,,,,,,"false",,,,,,,250,,,,,,,,,
,,,,,"die",,-1,-1,100,"false","building_destroyed_gold",0,,,,0,"true",,100,,,,,,"false",,,,,,,250,,,,,,,,,
"GoldStorage2","goldstorage_lv2.glb",10,90,90,"idle",,-1,-1,100,"false","goldStorage_idle",0,,,,0,"false",,100,-16,5,0,"0x00000000",9,"false",,,,,,"false",250,,,0,,,,,,
,,,,,"damage",,-1,-1,100,"false","building_attacked_gold",0,,,,0,"false",,100,,,,,,"false",,,,,,,250,,,,,,,,,
,,,,,"die",,-1,-1,100,"false","building_destroyed_gold",0,,,,0,"true",,100,,,,,,"false",,,,,,,250,,,,,,,,,
"GoldStorage3","goldstorage_lv3.glb",10,90,90,"idle",,-1,-1,100,"false","goldStorage_idle",0,,,,0,"false",,100,-16,5,0,"0x00000000",9,"false",,,,,,"false",250,,,0,,,,,,
,,,,,"damage",,-1,-1,100,"false","building_attacked_gold",0,,,,0,"false",,100,,,,,,"false",,,,,,,250,,,,,,,,,
,,,,,"die",,-1,-1,100,"false","building_destroyed_gold",0,,,,0,"true",,100,,,,,,"false",,,,,,,250,,,,,,,,,
"GoldStorage4","goldstorage_lv4.glb",10,90,90,"idle",,-1,-1,100,"false","goldStorage_idle",0,,,,0,"false",,100,-16,5,0,"0x00000000",9,"false",,,,,,"false",250,,,0,,,,,,
,,,,,"damage",,-1,-1,100,"false","building_attacked_gold",0,,,,0,"false",,100,,,,,,"false",,,,,,,250,,,,,,,,,
,,,,,"die",,-1,-1,100,"false","building_destroyed_gold",0,,,,0,"false",,100,,,,,,"false",,,,,,,250,,,,,,,,,
"GoldStorage5","goldstorage_lv5.glb",10,90,90,"idle",,-1,-1,100,"false","goldStorage_idle",0,,,,0,"false",,100,-16,5,0,"0x00000000",9,"false",,,,,,"false",250,,,0,,,,,,
,,,,,"damage",,-1,-1,100,"false","building_attacked_gold",0,,,,0,"false",,100,,,,,,"false",,,,,,,250,,,,,,,,,
,,,,,"die",,-1,-1,100,"false","building_destroyed_gold",0,,,,0,"true",,100,,,,,,"false",,,,,,,250,,,,,,,,,
"Giant","chr_giant_rig.glb",8,90,90,"idle","chr_giant_anim_idle.glb",-1,60,100,"true",,0,,,,0,"false",,100,-36,3,6,"0xffcc6600",9,"false","info_screen_giant","info_screen_giant","map_giant","card_button_giant","card_button_wide_giant","false",250,"gauntletGeo_01;gauntletGeo_02;gauntletGeo_03","bodyGeo; tunicGeo; skirtGeo",0,,,,,,
,,,,,"fill","chr_giant_anim_run.glb",-1,26,100,"true",,0,,,,0,"false",,100,,,,,,"false",,,,,,,250,,,,,,,,,
,,,,,"attack run","chr_giant_anim_run.glb",-1,26,100,"true","trail_dust",0,"Giant_Atk_Run",,,0,"false",,100,,,,,,"false",,,,,,,250,,,,,,,,,
,,,,,"attack","chr_giant_anim_attack.glb",-1,22,100,"true","giant_lv1_attack",0,"Giant_Atk",,"gen_hit_melee_punch",0,"false",,60,,,,,,"false",,,,,,,50,,,,,,,,,
,,,,,"aim","chr_giant_anim_aim.glb",-1,18,100,"false",,0,,,,0,"false",,100,,,,,,"false",,,,,,,250,,,,,,,,,
,,,,,"aim idle","chr_giant_anim_aim.glb",-1,18,200,"false",,0,"Giant_Tap",,,0,"false",,100,,,,,,"false",,,,,,,250,,,,,,,,,
,,,,,"anticipate","chr_giant_anim_attack_anticipation.glb",-1,-1,100,"false",,0,,,,0,"false",,100,,,,,,"false",,,,,,,250,,,,,,,,,
,,,,,"movenext","chr_giant_anim_movenext.glb",-1,8,100,"false",,0,,,,0,"false",,100,,,,,,"false",,,,,,,250,,,,,,,,,
,,,,,"damage","chr_giant_anim_hurt.glb",-1,25,100,"false","gen_hit_melee",0,,,,0,"true",,100,,,,,,"true",,,,,,,250,,,,,,,,,
,,,,,"brace","chr_giant_anim_brace.glb",-1,-1,100,"true",,0,,,,0,"false",,100,,,,,,"false",,,,,,,250,,,,,,,,,
,,,,,"celebrate","chr_giant_anim_celebrate.glb",-1,-1,100,"false",,0,,,,0,"false",,100,,,,,,"false",,,,,,,250,,,,,,,,,
,,,,,"used",,-1,-1,100,"false","gen_used_ground",0,,,,0,"false",,100,,,,,,"false",,,,,,,250,,,,,,,,,
,,,,,"die",,-1,-1,100,"false","Die",0,,,,0,"true",,100,,,,,,"false",,,,,,,250,,,,,,,,,
"MenuGiant","chr_giant_menu_rig.glb",8,90,90,"idle","chr_giant_menu_anim_ui_idle.glb",-1,-1,100,"true",,0,,,,0,"false",,100,-36,3,6,"0xffcc6600",9,"false","info_screen_giant","info_screen_giant","map_giant","card_button_giant","card_button_wide_giant","false",250,"gauntletGeo_01;gauntletGeo_02;gauntletGeo_03","bodyGeo; tunicGeo; skirtGeo",0,,,,,,
,,,,,"upgrade","chr_giant_menu_anim_upgrade.glb",-1,-1,100,"false",,0,"Giant_Tap",,,0,"false",,100,,,,,,"false",,,,,,,250,,,,,,,,,
,,,,,"item equipped","chr_giant_menu_anim_item.glb",-1,-1,100,"false",,0,,,,0,"false",,100,,,,,,"false",,,,,,,250,,,,,,,,,
,,,,,"unlock","chr_giant_menu_anim_upgrade.glb",-1,-1,100,"false",,0,,,,0,"false",,100,,,,,,"false",,,,,,,250,,,,,,,,,
,,,,,"cap increase","chr_giant_menu_anim_upgrade.glb",-1,-1,100,"false",,0,,,,0,"false",,100,,,,,,"false",,,,,,,250,,,,,,,,,
"MenuGiantGauntlet1","giant_gauntlet_1_rig.glb",8,,,"idle",,-1,-1,100,"false",,0,,,,0,"false",,100,,,,,,"false","info_screen_item_default","reward_screen_item_default",,,,,,,,,,,,,,
,,,,,"upgrade","item_anim_upgrade.glb",-1,-1,100,"false",,0,,,,0,"false",,100,,,,,,"false",,,,,,,,,,,,,,,,
"MenuGiantGauntlet2","giant_gauntlet_2_rig.glb",8,,,"idle",,-1,-1,100,"false",,0,,,,0,"false",,100,,,,,,"false","info_screen_item_default","reward_screen_item_default",,,,,,,,,,,,,,
,,,,,"upgrade","item_anim_upgrade.glb",-1,-1,100,"false",,0,,,,0,"false",,100,,,,,,"false",,,,,,,,,,,,,,,,
"MenuGiantGauntlet3","giant_gauntlet_3_rig.glb",8,,,"idle",,-1,-1,100,"false",,0,,,,0,"false",,100,,,,,,"false","info_screen_item_default","reward_screen_item_default",,,,,,,,,,,,,,
,,,,,"upgrade","item_anim_upgrade.glb",-1,-1,100,"false",,0,,,,0,"false",,100,,,,,,"false",,,,,,,,,,,,,,,,
"Wizard","chr_wizard_rig.glb",8,90,90,"idle","chr_wizard_anim_idle.glb",-1,-1,100,"true",,0,,,,0,"false",,100,-30,5,0,"0x00000000",9,"false","info_screen_wizard","info_screen_wizard",,"card_button_wizard","card_button_wide_wizard","false",250,"wizardGeo_02;wizardGeo_03;wizardGeo_04",,0,,,,,,
,,,,,"fill","chr_wizard_anim_run.glb",-1,-1,100,"true",,0,,,,0,"false",,100,,,,,,"false",,,,,,,100,,,,,,,,,
,,,,,"attack","chr_wizard_anim_attack.glb",-1,20,100,"false",,0,,,,0,"false","aim",1,,,,,,"false",,,,,,,10,,,,,,,,,
,,,,,"aim","chr_wizard_anim_aim.glb",-1,-1,100,"false","wizard_atk",0,,,,0,"false",,100,,,,,,"false",,,,,,,250,,,,,,,,,
,,,,,"aim idle","chr_wizard_anim_aim.glb",-1,-1,200,"false","wizard_tap",0,,,,0,"false",,100,,,,,,"false",,,,,,,250,,,,,,,,,
,,,,,"anticipate","chr_wizard_anim_attack_anticipation.glb",-1,-1,100,"false",,0,,,,0,"false",,100,,,,,,"false",,,,,,,250,,,,,,,,,
,,,,,"damage","chr_wizard_anim_hurt.glb",-1,-1,100,"false","gen_hit_melee",0,,,,0,"true",,100,,,,,,"true",,,,,,,250,,,,,,,,,
,,,,,"brace","chr_wizard_anim_brace.glb",-1,-1,100,"true",,0,,,,0,"true",,100,,,,,,"false",,,,,,,250,,,,,,,,,
,,,,,"celebrate","chr_wizard_anim_celebrate.glb",-1,-1,100,"false",,0,,,,0,"false",,100,,,,,,"false",,,,,,,250,,,,,,,,,
,,,,,"used",,-1,-1,100,"false","gen_used_ground",0,,,,0,"false","attack",100,,,,,,"false",,,,,,,250,,,,,,,,,
,,,,,"die",,-1,-1,100,"false","Die",0,,,,0,"true",,100,,,,,,"false",,,,,,,250,,,,,,,,,
"MenuWizard","chr_wizard_menu_rig.glb",8,90,90,"idle","chr_wizard_menu_anim_menu_idle.glb",-1,-1,100,"true",,0,,,,0,"false",,100,-30,5,0,"0x00000000",9,"false","info_screen_wizard","info_screen_wizard",,"card_button_wizard","card_button_wide_wizard","false",250,"wizardGeo_02;wizardGeo_03;wizardGeo_04",,0,,,,,,
,,,,,"upgrade","chr_wizard_menu_anim_upgrade.glb",-1,-1,100,"false",,0,"Wizard_Atk",,,0,"false",,100,,,,,,"false",,,,,,,250,,,,,,,,,
,,,,,"item equipped","chr_wizard_menu_anim_item.glb",-1,-1,100,"false",,0,,,,0,"false",,100,,,,,,"false",,,,,,,250,,,,,,,,,
,,,,,"info page idle","chr_wizard_menu_anim_ui_idle.glb",-1,-1,100,"true","wizard_menu_fireball_idle",0,,,,0,"false",,100,,,,,,"false",,,,,,,250,,,,,,,,,
,,,,,"idle2","chr_wizard_menu_anim_tutorial_idle.glb",-1,-1,100,"true",,0,,,,0,"false",,100,,,,,,"false",,,,,,,250,,,,,,,,,
,,,,,"wet","chr_wizard_menu_anim_tutorial_wet.glb",-1,-1,100,"false",,0,,,,0,"false",,100,,,,,,"false",,,,,,,250,,,,,,,,,
,,,,,"unlock","chr_wizard_menu_anim_upgrade.glb",-1,-1,100,"false",,0,,,,0,"false",,100,,,,,,"false",,,,,,,250,,,,,,,,,
,,,,,"cap increase","chr_wizard_menu_anim_upgrade.glb",-1,-1,100,"false",,0,,,,0,"false",,100,,,,,,"false",,,,,,,250,,,,,,,,,
"MenuWizardRobe2","wizard_robe_2_rig.glb",8,,,"idle",,-1,-1,100,"false",,0,,,,0,"false",,100,,,,,,"false","info_screen_item_robes","reward_screen_item_robes",,,,,,,,,,,,,,
,,,,,"upgrade","item_anim_upgrade.glb",-1,-1,100,"false",,0,,,,0,"false",,100,,,,,,"false",,,,,,,,,,,,,,,,
"MenuWizardRobe3","wizard_robe_3_rig.glb",8,,,"idle",,-1,-1,100,"false",,0,,,,0,"false",,100,,,,,,"false","info_screen_item_robes","reward_screen_item_robes",,,,,,,,,,,,,,
,,,,,"upgrade","item_anim_upgrade.glb",-1,-1,100,"false",,0,,,,0,"false",,100,,,,,,"false",,,,,,,,,,,,,,,,
"MenuWizardRobe4","wizard_robe_4_rig.glb",8,,,"idle",,-1,-1,100,"false",,0,,,,0,"false",,100,,,,,,"false","info_screen_item_robes","reward_screen_item_robes",,,,,,,,,,,,,,
,,,,,"upgrade","item_anim_upgrade.glb",-1,-1,100,"false",,0,,,,0,"false",,100,,,,,,"false",,,,,,,,,,,,,,,,
"Bomber","chr_bomber_rig.glb",8,90,90,"idle","chr_bomber_anim_idle.glb",-1,-1,100,"true",,0,,,,0,"false",,100,-30,5,0,"0x00000000",9,"false","info_screen_bomber","info_screen_bomber","map_bomber","card_button_bomber","card_button_wide_bomber","false",250,"bombGeo_02;bombGeo_03;bombGeo_04","wingsGeo; upperlegsGeo; upperarmsGeo; toesGeo; spineGeo; lowerlegsGeo; lowerarmsGeo; kneesGeo; jawGeo; headtopGeo; handsGeo; feetGeo; elbowsGeo",,,,,,,
,,,,,"fill","chr_bomber_anim_run.glb",-1,-1,100,"true",,0,,,,0,"false",,100,,,,,,"false",,,,,,,100,,,,,,,,,
,,,,,"attack","chr_bomber_anim_attack.glb",-1,-1,100,"false",,0,"Bomb_Skele_Atk",,,0,"false","aim",10,,,,,,"false",,,,,,,10,,,,,,,,,
,,,,,"aim","chr_bomber_anim_aim.glb",-1,-1,100,"false",,0,,,,0,"false",,100,,,,,,"false",,,,,,,250,,,,,,,,,
,,,,,"aim idle","chr_bomber_anim_aim.glb",-1,-1,200,"false",,0,"Bomb_Skele_Tap",,,0,"false",,100,,,,,,"false",,,,,,,250,,,,,,,,,
,,,,,"anticipate","chr_bomber_anim_attack_anticipation.glb",-1,-1,100,"false",,0,,,,0,"false",,100,,,,,,"false",,,,,,,250,,,,,,,,,
,,,,,"damage","chr_bomber_anim_hurt.glb",-1,-1,100,"false","gen_hit_melee",0,,,,0,"true",,100,,,,,,"true",,,,,,,250,,,,,,,,,
,,,,,"brace","chr_bomber_anim_brace.glb",1,1,100,"false",,0,,,,0,"false",,100,,,,,,"false",,,,,,,250,,,,,,,,,
,,,,,"celebrate","chr_bomber_anim_celebrate.glb",-1,-1,100,"false",,0,,,,0,"false",,100,,,,,,"false",,,,,,,250,,,,,,,,,
,,,,,"used",,-1,-1,100,"false","gen_used_ground",0,,,,0,"false","attack",100,,,,,,"false",,,,,,,250,,,,,,,,,
,,,,,"die",,-1,-1,100,"false","Die",0,,,,0,"true",,100,,,,,,"false",,,,,,,250,,,,,,,,,
"MenuBomber","chr_bomber_menu_rig.glb",8,90,90,"idle","chr_bomber_anim_ui_idle.glb",-1,-1,100,"true",,0,,,,0,"false",,100,-30,5,0,"0x00000000",9,"false","info_screen_bomber","info_screen_bomber","map_bomber","card_button_bomber","card_button_wide_bomber","false",250,"bombGeo_02;bombGeo_03;bombGeo_04","wingsGeo; upperlegsGeo; upperarmsGeo; toesGeo; spineGeo; lowerlegsGeo; lowerarmsGeo; kneesGeo; jawGeo; headtopGeo; handsGeo; feetGeo; elbowsGeo",,,,,,,
,,,,,"upgrade","chr_bomber_anim_upgrade.glb",-1,-1,100,"false",,0,"Bomb_Skele_Atk",,,0,"false",,100,,,,,,"false",,,,,,,250,,,,,,,,,
,,,,,"item equipped","chr_bomber_anim_item.glb",-1,-1,100,"false",,0,,,,0,"false",,100,,,,,,"false",,,,,,,250,,,,,,,,,
,,,,,"unlock","chr_bomber_anim_upgrade.glb",-1,-1,100,"false",,0,,,,0,"false",,100,,,,,,"false",,,,,,,250,,,,,,,,,
,,,,,"cap increase","chr_bomber_anim_upgrade.glb",-1,-1,100,"false",,0,,,,0,"false",,100,,,,,,"false",,,,,,,250,,,,,,,,,
"MenuBomberBomb2","bomber_bomb_2.glb",8,,,"idle",,-1,-1,100,"false",,0,,,,0,"false",,100,,,,,,"false","info_screen_item_default","reward_screen_item_default",,,,,,,,,,,,,,
,,,,,"upgrade","item_anim_upgrade.glb",-1,-1,100,"false",,0,,,,0,"false",,100,,,,,,"false",,,,,,,,,,,,,,,,
"MenuBomberBomb3","bomber_bomb_3.glb",8,,,"idle",,-1,-1,100,"false",,0,,,,0,"false",,100,,,,,,"false","info_screen_item_default","reward_screen_item_default",,,,,,,,,,,,,,
,,,,,"upgrade","item_anim_upgrade.glb",-1,-1,100,"false",,0,,,,0,"false",,100,,,,,,"false",,,,,,,,,,,,,,,,
"MenuBomberBomb4","bomber_bomb_4.glb",8,,,"idle",,-1,-1,100,"false",,0,,,,0,"false",,100,,,,,,"false","info_screen_item_default","reward_screen_item_default",,,,,,,,,,,,,,
,,,,,"upgrade","item_anim_upgrade.glb",-1,-1,100,"false",,0,,,,0,"false",,100,,,,,,"false",,,,,,,,,,,,,,,,
"SpearGoblin","chr_speargoblin_rig.glb",8,90,90,"idle","chr_speargoblin_anim_idle.glb",-1,-1,100,"true",,0,,,,0,"false",,100,-30,5,0,"0x00000000",9,"false","info_screen_default","info_screen_default",,"card_button_default","card_button_wide_default","false",250,,,0,,,,,,
,,,,,"fill","chr_speargoblin_anim_run.glb",-1,-1,100,"true",,0,,,,0,"false",,100,,,,,,"false",,,,,,,150,,,,,,,,,
,,,,,"attack","chr_speargoblin_anim_attack.glb",-1,-1,100,"false",,0,"Spear_Gob_Atk",,,0,"false","aim",5,,,,,,"false",,,,,,,150,,,,,,,,,
,,,,,"aim","chr_speargoblin_anim_aim.glb",-1,-1,100,"false",,0,,,,0,"false",,100,,,,,,"false",,,,,,,150,,,,,,,,,
,,,,,"aim idle","chr_speargoblin_anim_aim.glb",-1,-1,100,"false",,0,"Spear_Gob_Aim",,,0,"false",,100,,,,,,"false",,,,,,,150,,,,,,,,,
,,,,,"damage","chr_speargoblin_anim_hurt.glb",-1,-1,100,"false","gen_hit_melee",0,,,,0,"true",,100,,,,,,"true",,,,,,,250,,,,,,,,,
,,,,,"brace",,-1,-1,100,"false",,0,,,,0,"false",,100,,,,,,"false",,,,,,,250,,,,,,,,,
,,,,,"used",,-1,-1,100,"false","gen_used_ground",0,,,,0,"false",,100,,,,,,"false",,,,,,,250,,,,,,,,,
,,,,,"die",,-1,-1,100,"false","Die",0,,,,0,"true",,100,,,,,,"false",,,,,,,250,,,,,,,,,
"Mortar","mortar_lv1_rig.glb",10,270,90,"idle","mortar_lv1_anim_idle.glb",-1,-1,100,"false",,0,,,,0,"false",,100,-16,5,0,"0x00000000",9,"false",,,,,,"false",250,,"Geo|mortar; Geo|base",0,,,,,,
,,,,,"attack","mortar_lv1_anim_attack.glb",-1,12,100,"false","mortar_lv1_shooting",0,"Mortar_Atk",,,0,"false",,100,,,,,,"false",,,,,,,250,,,,,,,,,
,,,,,"aim idle","mortar_lv1_anim_aim_idle.glb",-1,-1,100,"true",,0,"Mortar_Aim",,,0,"false",,100,,,,,,"false",,,,,,,250,,,,,,,,,
,,,,,"die",,-1,-1,100,"false","building_destroyed_woodNstone",0,,,,0,"true",,100,,,,,,"false",,,,,,,250,,,,,,,,,
,,,,,"damage",,-1,-1,100,"false","building_attacked_woodNstone",0,,,,0,"true",,100,,,,,,"false",,,,,,,250,,,,,,,,,
"Mortar2","mortar_lv2_rig.glb",10,270,90,"idle","mortar_lv2_anim_idle.glb",-1,-1,100,"false",,0,,,,0,"false",,100,-16,5,0,"0x00000000",9,"false",,,,,,"false",250,,"Geo|mortar; Geo|base",0,,,,,,
,,,,,"attack","mortar_lv2_anim_attack.glb",-1,12,100,"false","mortar_lv1_shooting",0,"Mortar_Atk",,,0,"false",,100,,,,,,"false",,,,,,,250,,,,,,,,,
,,,,,"aim idle","mortar_lv2_anim_aim_idle.glb",-1,-1,100,"true",,0,"Mortar_Aim",,,0,"false",,100,,,,,,"false",,,,,,,250,,,,,,,,,
,,,,,"die",,-1,-1,100,"false","building_destroyed_stoneNiron",0,,,,0,"true",,100,,,,,,"false",,,,,,,250,,,,,,,,,
,,,,,"damage",,-1,-1,100,"false","building_attacked_stone",0,,,,0,"true",,100,,,,,,"false",,,,,,,250,,,,,,,,,
"Mortar3","mortar_lv3_rig.glb",10,270,90,"idle","mortar_lv3_anim_idle.glb",-1,-1,100,"false",,0,,,,0,"false",,100,-16,5,0,"0x00000000",9,"false",,,,,,"false",250,,"Geo|mortar; Geo|base",0,,,,,,
,,,,,"attack","mortar_lv3_anim_attack.glb",-1,12,100,"false","mortar_lv1_shooting",0,"Mortar_Atk",,,0,"false",,100,,,,,,"false",,,,,,,250,,,,,,,,,
,,,,,"aim idle","mortar_lv3_anim_aim_idle.glb",-1,-1,100,"true",,0,"Mortar_Aim",,,0,"false",,100,,,,,,"false",,,,,,,250,,,,,,,,,
,,,,,"die",,-1,-1,100,"false","building_destroyed_stoneNiron",0,,,,0,"true",,100,,,,,,"false",,,,,,,250,,,,,,,,,
,,,,,"damage",,-1,-1,100,"false","building_attacked_stone",0,,,,0,"true",,100,,,,,,"false",,,,,,,250,,,,,,,,,
"Mortar4","mortar_lv4_rig.glb",10,270,90,"idle","mortar_lv4_anim_idle.glb",-1,-1,100,"false",,0,,,,0,"false",,100,-16,5,0,"0x00000000",9,"false",,,,,,"false",250,,"Geo|mortar; Geo|base",0,,,,,,
,,,,,"attack","mortar_lv4_anim_attack.glb",-1,12,100,"false","mortar_lv1_shooting",0,"Mortar_Atk",,,0,"false",,100,,,,,,"false",,,,,,,250,,,,,,,,,
,,,,,"aim idle","mortar_lv4_anim_aim_idle.glb",-1,-1,100,"true",,0,"Mortar_Aim",,,0,"false",,100,,,,,,"false",,,,,,,250,,,,,,,,,
,,,,,"die",,-1,-1,100,"false","building_destroyed_stoneNiron",0,,,,0,"true",,100,,,,,,"false",,,,,,,250,,,,,,,,,
,,,,,"damage",,-1,-1,100,"false","building_attacked_stone",0,,,,0,"true",,100,,,,,,"false",,,,,,,250,,,,,,,,,
"Mortar5","mortar_lv5_rig.glb",10,270,90,"idle","mortar_lv5_anim_idle.glb",-1,-1,100,"false",,0,,,,0,"false",,100,-16,5,0,"0x00000000",9,"false",,,,,,"false",250,,"Geo|mortar; Geo|base",0,,,,,,
,,,,,"attack","mortar_lv5_anim_attack.glb",-1,12,100,"false","mortar_lv1_shooting",0,"Mortar_Atk",,,0,"false",,100,,,,,,"false",,,,,,,250,,,,,,,,,
,,,,,"aim idle","mortar_lv5_anim_aim_idle.glb",-1,-1,100,"true",,0,"Mortar_Aim",,,0,"false",,100,,,,,,"false",,,,,,,250,,,,,,,,,
,,,,,"die",,-1,-1,100,"false","building_destroyed_stoneNgold",0,,,,0,"true",,100,,,,,,"false",,,,,,,250,,,,,,,,,
,,,,,"damage",,-1,-1,100,"false","building_attacked_stone",0,,,,0,"true",,100,,,,,,"false",,,,,,,250,,,,,,,,,
"Cannon","cannon_lv1.glb",10,270,90,"idle","cannon_lv1_anim_idle.glb",-1,-1,100,"false",,0,,,,0,"false",,100,-7,5,0,"0x00000000",9,"false",,,,,,"false",250,,"standGeo; cannonGeo",0,,,,,,
,,,,,"attack","cannon_lv1_anim_attack.glb",-1,-1,100,"false","cannon_lv1_atk",0,,,,0,"false",,50,,,,,,"false",,,,,,,250,,,,,,,,,
,,,,,"aim idle","cannon_lv1_anim_aim_idle.glb",-1,-1,100,"true",,0,,,,0,"false",,100,,,,,,"false",,,,,,,250,,,,,,,,,
,,,,,"die",,-1,-1,100,"false","building_destroyed_woodNstone",0,,,,0,"true",,100,,,,,,"false",,,,,,,250,,,,,,,,,
,,,,,"damage",,-1,-1,100,"false","building_attacked_woodNstone",0,,,,0,"true",,100,,,,,,"false",,,,,,,250,,,,,,,,,
"Cannon2","cannon_lv2.glb",10,270,90,"idle","cannon_lv2_anim_idle.glb",-1,-1,100,"false",,0,,,,0,"false",,100,-7,5,0,"0x00000000",9,"false",,,,,,"false",250,,"standLvl2Geo; cannonLvl2Geo",0,,,,,,
,,,,,"attack","cannon_lv2_anim_attack.glb",-1,-1,100,"false","cannon_lv1_atk",0,,,,0,"false",,50,,,,,,"false",,,,,,,250,,,,,,,,,
,,,,,"aim idle","cannon_lv2_anim_aim_idle.glb",-1,-1,100,"true",,0,,,,0,"false",,100,,,,,,"false",,,,,,,250,,,,,,,,,
,,,,,"die",,-1,-1,100,"false","building_destroyed_stoneNiron",0,,,,0,"true",,100,,,,,,"false",,,,,,,250,,,,,,,,,
,,,,,"damage",,-1,-1,100,"false","building_attacked_stone",0,,,,0,"true",,100,,,,,,"false",,,,,,,250,,,,,,,,,
"Cannon3","cannon_lv3.glb",10,270,90,"idle","cannon_lv2_anim_idle.glb",-1,-1,100,"false",,0,,,,0,"false",,100,-7,5,0,"0x00000000",9,"false",,,,,,"false",250,,"standLvl3Geo; cannonLvl3Geo",0,,,,,,
,,,,,"attack","cannon_lv2_anim_attack.glb",-1,-1,100,"false","cannon_lv1_atk",0,,,,0,"false",,50,,,,,,"false",,,,,,,250,,,,,,,,,
,,,,,"aim idle","cannon_lv2_anim_aim_idle.glb",-1,-1,100,"true",,0,,,,0,"false",,100,,,,,,"false",,,,,,,250,,,,,,,,,
,,,,,"die",,-1,-1,100,"false","building_destroyed_stoneNgold",0,,,,0,"true",,100,,,,,,"false",,,,,,,250,,,,,,,,,
,,,,,"damage",,-1,-1,100,"false","building_attacked_stone",0,,,,0,"true",,100,,,,,,"false",,,,,,,250,,,,,,,,,
"Cannon4","cannon_lv4.glb",10,270,90,"idle","cannon_lv2_anim_idle.glb",-1,-1,100,"false",,0,,,,0,"false",,100,-7,5,0,"0x00000000",9,"false",,,,,,"false",250,,"standLvl2Geo; cannonLvl2Geo",0,,,,,,
,,,,,"attack","cannon_lv2_anim_attack.glb",-1,-1,100,"false","cannon_lv1_atk",0,,,,0,"false",,50,,,,,,"false",,,,,,,250,,,,,,,,,
,,,,,"aim idle","cannon_lv2_anim_aim_idle.glb",-1,-1,100,"true",,0,,,,0,"false",,100,,,,,,"false",,,,,,,250,,,,,,,,,
,,,,,"die",,-1,-1,100,"false","building_destroyed_stoneNgold",0,,,,0,"true",,100,,,,,,"false",,,,,,,250,,,,,,,,,
,,,,,"damage",,-1,-1,100,"false","building_attacked_stone",0,,,,0,"true",,100,,,,,,"false",,,,,,,250,,,,,,,,,
"Cannon5","cannon_lv5.glb",11,270,90,"idle","cannon_lv2_anim_idle.glb",-1,-1,100,"false",,0,,,,0,"false",,100,-7,5,0,"0x00000000",9,"false",,,,,,"false",250,,"standLvl2Geo; cannonLvl2Geo",0,,,,,,
,,,,,"attack","cannon_lv2_anim_attack.glb",-1,-1,100,"false","cannon_lv1_atk",0,,,,0,"false",,50,,,,,,"false",,,,,,,250,,,,,,,,,
,,,,,"aim idle","cannon_lv2_anim_aim_idle.glb",-1,-1,100,"true",,0,,,,0,"false",,100,,,,,,"false",,,,,,,250,,,,,,,,,
,,,,,"die",,-1,-1,100,"false","building_destroyed_stoneNgold",0,,,,0,"true",,100,,,,,,"false",,,,,,,250,,,,,,,,,
,,,,,"damage",,-1,-1,100,"false","building_attacked_stone",0,,,,0,"true",,100,,,,,,"false",,,,,,,250,,,,,,,,,
"ArcherTower","archertower_lv1_rig.glb",8,90,90,"idle","archertower_lv1_anim_idle.glb",-1,30,100,"true",,0,,,,0,"false",,100,-22,5,0,"0x00000000",9,"false",,,,,,"false",250,"bowGeo_02;bowGeo_03;bowGeo_04","hairGeo; legsGeo; capeGeo; bodyGeo; bagGeo; armsGeo; archertower_lv1",0,,,,,,
,,,,,"run",,-1,-1,100,"false",,0,,,,0,"false",,100,,,,,,"false",,,,,,,250,,,,,,,,,
,,,,,"attack","archertower_lv1_anim_attack.glb",-1,18,100,"true",,0,"Archer_Tower_Atk",,,0,"true","aim",100,,,,,,"false",,,,,,,250,,,,,,,,,
,,,,,"aim idle","archertower_lv1_anim_aim.glb",-1,16,100,"false",,0,,,,0,"false",,100,,,,,,"false",,,,,,,250,,,,,,,,,
,,,,,"die",,-1,-1,100,"false","building_destroyed_wood",0,,,,0,"true",,100,,,,,,"false",,,,,,,250,,,,,,,,,
,,,,,"damage",,-1,-1,100,"false","building_attacked_wood",0,,,,0,"true",,100,,,,,,"false",,,,,,,250,,,,,,,,,
"ArcherTower2","archertower_lv2_rig.glb",8,90,90,"idle","archertower_lv2_anim_idle.glb",-1,30,100,"true",,0,,,,0,"false",,100,-22,5,0,"0x00000000",9,"false",,,,,,"false",250,"bowGeo_02;bowGeo_03;bowGeo_04","hairGeo; legsGeo; capeGeo; bodyGeo; bagGeo; armsGeo; Mesh",0,,,,,,
,,,,,"run",,-1,-1,100,"false",,0,,,,0,"false",,100,,,,,,"false",,,,,,,250,,,,,,,,,
,,,,,"attack","archertower_lv2_anim_attack.glb",-1,18,100,"true",,0,"Archer_Tower_Atk",,,0,"true","aim",100,,,,,,"false",,,,,,,250,,,,,,,,,
,,,,,"aim idle","archertower_lv2_anim_aim.glb",-1,16,100,"false",,0,,,,0,"false",,100,,,,,,"false",,,,,,,250,,,,,,,,,
,,,,,"die",,-1,-1,100,"false","building_destroyed_woodNstone",0,,,,0,"true",,100,,,,,,"false",,,,,,,250,,,,,,,,,
,,,,,"damage",,-1,-1,100,"false","building_attacked_woodNstone",0,,,,0,"true",,100,,,,,,"false",,,,,,,250,,,,,,,,,
"ArcherTower3","archertower_lv3_rig.glb",8,90,90,"idle","archertower_lv3_anim_idle.glb",-1,30,100,"true",,0,,,,0,"false",,100,-22,5,0,"0x00000000",9,"false",,,,,,"false",250,"bowGeo_02;bowGeo_03;bowGeo_04","hairGeo; legsGeo; capeGeo; bodyGeo; bagGeo; armsGeo; Mesh",0,,,,,,
,,,,,"run",,-1,-1,100,"false",,0,,,,0,"false",,100,,,,,,"false",,,,,,,250,,,,,,,,,
,,,,,"attack","archertower_lv3_anim_attack.glb",-1,18,100,"true",,0,"Archer_Tower_Atk",,,0,"true","aim",100,,,,,,"false",,,,,,,250,,,,,,,,,
,,,,,"aim idle","archertower_lv3_anim_aim.glb",-1,16,100,"false",,0,,,,0,"false",,100,,,,,,"false",,,,,,,250,,,,,,,,,
,,,,,"die",,-1,-1,100,"false","building_destroyed_stoneNiron",0,,,,0,"true",,100,,,,,,"false",,,,,,,250,,,,,,,,,
,,,,,"damage",,-1,-1,100,"false","building_attacked_stone",0,,,,0,"true",,100,,,,,,"false",,,,,,,250,,,,,,,,,
"ArcherTower4","archertower_lv4_rig.glb",8,90,90,"idle","archertower_lv4_anim_idle.glb",-1,-1,100,"false",,0,,,,0,"false",,100,-22,5,0,"0x00000000",9,"false",,,,,,"false",250,"bowGeo_02;bowGeo_03;bowGeo_04","hairGeo; legsGeo; capeGeo; bodyGeo; bagGeo; armsGeo; Mesh",0,,,,,,
,,,,,"attack","archertower_lv4_anim_attack.glb",-1,18,100,"true",,0,"Archer_Tower_Atk",,,0,"true","aim",100,,,,,,"false",,,,,,,250,,,,,,,,,
,,,,,"aim idle","archertower_lv4_anim_aim.glb",-1,16,100,"false",,0,,,,0,"false",,100,,,,,,"false",,,,,,,250,,,,,,,,,
,,,,,"die",,-1,-1,100,"false","building_destroyed_woodNstone",0,,,,0,"true",,100,,,,,,"false",,,,,,,250,,,,,,,,,
,,,,,"damage",,-1,-1,100,"false","building_attacked_woodNstone",0,,,,0,"true",,100,,,,,,"false",,,,,,,250,,,,,,,,,
"ArcherTower5","archertower_lv5_rig.glb",8,90,90,"idle","archertower_lv5_anim_idle.glb",-1,-1,100,"false",,0,,,,0,"false",,100,-22,5,0,"0x00000000",9,"false",,,,,,"false",250,"bowGeo_02;bowGeo_03;bowGeo_04","hairGeo; legsGeo; capeGeo; bodyGeo; bagGeo; armsGeo; Mesh",0,,,,,,
,,,,,"attack","archertower_lv5_anim_attack.glb",-1,18,100,"true",,0,"Archer_Tower_Atk",,,0,"true","aim",100,,,,,,"false",,,,,,,250,,,,,,,,,
,,,,,"aim idle","archertower_lv5_anim_aim.glb",-1,16,100,"false",,0,,,,0,"false",,100,,,,,,"false",,,,,,,250,,,,,,,,,
,,,,,"die",,-1,-1,100,"false","building_destroyed_stoneNiron",0,,,,0,"true",,100,,,,,,"false",,,,,,,250,,,,,,,,,
,,,,,"damage",,-1,-1,100,"false","building_attacked_stone",0,,,,0,"true",,100,,,,,,"false",,,,,,,250,,,,,,,,,
"WizardTower","wizard_tower_lv1_rig.glb",8,90,90,"idle","wizard_tower_lv1_anim_idle.glb",-1,36,100,"true",,0,,,,0,"false",,100,-30,5,0,"0x00000000",9,"false",,,,,,"false",250,"wizardGeo_02;wizardGeo_03;wizardGeo_04","wizardGeo_01; base",0,,,,,,
,,,,,"run",,-1,-1,100,"false",,0,,,,0,"false",,100,,,,,,"false",,,,,,,250,,,,,,,,,
,,,,,"attack","wizard_tower_lv1_anim_attack.glb",-1,20,100,"false",,0,"Wiz_Tower_Atk",,,0,"false",,100,,,,,,"false",,,,,,,250,,,,,,,,,
,,,,,"aim idle","wizard_tower_lv1_anim_aim_idle.glb",-1,28,100,"true",,0,,,,0,"false",,100,,,,,,"false",,,,,,,250,,,,,,,,,
,,,,,"die",,-1,-1,100,"false","building_destroyed_stone",0,,,,0,"true",,100,,,,,,"false",,,,,,,250,,,,,,,,,
,,,,,"damage",,-1,-1,100,"false","building_attacked_stone",0,,,,0,"true",,100,,,,,,"false",,,,,,,250,,,,,,,,,
"WizardTower2","wizard_tower_lv2_rig.glb",8,90,90,"idle","wizard_tower_lv2_anim_idle.glb",-1,36,100,"true",,0,,,,0,"false",,100,-30,5,0,"0x00000000",9,"false",,,,,,"false",250,"wizardGeo_02;wizardGeo_03;wizardGeo_04","wizardGeo_01; base",0,,,,,,
,,,,,"run",,-1,-1,100,"false",,0,,,,0,"false",,100,,,,,,"false",,,,,,,250,,,,,,,,,
,,,,,"attack","wizard_tower_lv2_anim_attack.glb",-1,20,100,"false",,0,"Wiz_Tower_Atk",,,0,"false",,100,,,,,,"false",,,,,,,250,,,,,,,,,
,,,,,"aim idle","wizard_tower_lv2_anim_aim_idle.glb",-1,28,100,"true",,0,,,,0,"false",,100,,,,,,"false",,,,,,,250,,,,,,,,,
,,,,,"die",,-1,-1,100,"false","building_destroyed_stoneNelixir",0,,,,0,"true",,100,,,,,,"false",,,,,,,250,,,,,,,,,
,,,,,"damage",,-1,-1,100,"false","building_attacked_stone",0,,,,0,"true",,100,,,,,,"false",,,,,,,250,,,,,,,,,
"WizardTower3","wizard_tower_lv3_rig.glb",8,90,90,"idle","wizard_tower_lv3_anim_idle.glb",-1,36,100,"true",,0,,,,0,"false",,100,-30,5,0,"0x00000000",9,"false",,,,,,"false",250,"wizardGeo_02;wizardGeo_03;wizardGeo_04","wizardGeo_01; base",0,,,,,,
,,,,,"run",,-1,-1,100,"false",,0,,,,0,"false",,100,,,,,,"false",,,,,,,250,,,,,,,,,
,,,,,"attack","wizard_tower_lv3_anim_attack.glb",-1,20,100,"false",,0,"Wiz_Tower_Atk",,,0,"false",,100,,,,,,"false",,,,,,,250,,,,,,,,,
,,,,,"aim idle","wizard_tower_lv3_anim_aim_idle.glb",-1,28,100,"true",,0,,,,0,"false",,100,,,,,,"false",,,,,,,250,,,,,,,,,
,,,,,"die",,-1,-1,100,"false","building_destroyed_elixir",0,,,,0,"true",,100,,,,,,"false",,,,,,,250,,,,,,,,,
,,,,,"damage",,-1,-1,100,"false","building_attacked_elixir",0,,,,0,"true",,100,,,,,,"false",,,,,,,250,,,,,,,,,
"WizardTower4","wizard_tower_lv4_rig.glb",8,90,90,"idle","wizard_tower_lv4_anim_idle.glb",-1,36,100,"true",,0,,,,0,"false",,100,-30,5,0,"0x00000000",9,"false",,,,,,"false",250,"wizardGeo_02;wizardGeo_03;wizardGeo_04","wizardGeo_01; base",0,,,,,,
,,,,,"run",,-1,-1,100,"false",,0,,,,0,"false",,100,,,,,,"false",,,,,,,250,,,,,,,,,
,,,,,"attack","wizard_tower_lv4_anim_attack.glb",-1,20,100,"false",,0,"Wiz_Tower_Atk",,,0,"false",,100,,,,,,"false",,,,,,,250,,,,,,,,,
,,,,,"aim idle","wizard_tower_lv4_anim_aim_idle.glb",-1,28,100,"true",,0,,,,0,"false",,100,,,,,,"false",,,,,,,250,,,,,,,,,
,,,,,"die",,-1,-1,100,"false","building_destroyed_stoneNelixir",0,,,,0,"true",,100,,,,,,"false",,,,,,,250,,,,,,,,,
,,,,,"damage",,-1,-1,100,"false","building_attacked_stone",0,,,,0,"true",,100,,,,,,"false",,,,,,,250,,,,,,,,,
"WizardTower5","wizard_tower_lv5_rig.glb",8,90,90,"idle","wizard_tower_lv5_anim_idle.glb",-1,36,100,"true",,0,,,,0,"false",,100,-30,5,0,"0x00000000",9,"false",,,,,,"false",250,"wizardGeo_02;wizardGeo_03;wizardGeo_04","wizardGeo_01; base",0,,,,,,
,,,,,"run",,-1,-1,100,"false",,0,,,,0,"false",,100,,,,,,"false",,,,,,,250,,,,,,,,,
,,,,,"attack","wizard_tower_lv5_anim_attack.glb",-1,20,100,"false",,0,"Wiz_Tower_Atk",,,0,"false",,100,,,,,,"false",,,,,,,250,,,,,,,,,
,,,,,"aim idle","wizard_tower_lv5_anim_aim_idle.glb",-1,28,100,"true",,0,,,,0,"false",,100,,,,,,"false",,,,,,,250,,,,,,,,,
,,,,,"die",,-1,-1,100,"false","building_destroyed_stoneNelixir",0,,,,0,"true",,100,,,,,,"false",,,,,,,250,,,,,,,,,
,,,,,"damage",,-1,-1,100,"false","building_attacked_stone",0,,,,0,"true",,100,,,,,,"false",,,,,,,250,,,,,,,,,
"Goblin","chr_daggergoblin_rig.glb",8,90,90,"idle","chr_daggergoblin_anim_idle.glb",-1,36,100,"true",,0,,,,0,"false",,100,-30,11,4,"0xff20ef20",12,"false","info_screen_goblin","info_screen_goblin","map_goblin","card_button_goblin","card_button_wide_goblin","false",250,"knifeGeo_02;knifeGeo_03;knifeGeo_04","suspendersGeo; skinGeo; pantsGeo; legsGeo; browsGeo",0,,,,,,
,,,,,"fill","chr_daggergoblin_anim_run.glb",-1,16,200,"true",,0,,,,0,"false",,100,,,,,,"false",,,,,,,250,,,,,,,,,
,,,,,"attack run","chr_daggergoblin_anim_run.glb",-1,16,200,"true","trail_dust",0,"Gob_Atk_Run",,,0,"false",,100,,,,,,"false",,,,,,,250,,,,,,,,,
,,,,,"attack","chr_daggergoblin_anim_attack.glb",-1,-1,100,"true",,0,"Gob_Atk",,"gen_hit_melee_piercing",0,"false",,60,,,,,,"false",,,,,,,50,,,,,,,,,
,,,,,"aim","chr_daggergoblin_anim_aim.glb",-1,8,100,"false",,0,,,,0,"false",,100,,,,,,"false",,,,,,,250,,,,,,,,,
,,,,,"aim idle","chr_daggergoblin_anim_aim.glb",-1,8,200,"false",,0,"Gob_Aim",,,0,"false",,100,,,,,,"false",,,,,,,250,,,,,,,,,
,,,,,"anticipate","chr_daggergoblin_anim_attack_anticipation.glb",-1,-1,100,"false",,0,,,,0,"false",,100,,,,,,"false",,,,,,,250,,,,,,,,,
,,,,,"movenext","chr_daggergoblin_anim_movenext.glb",-1,-1,100,"false",,0,,,,0,"false",,100,,,,,,"false",,,,,,,250,,,,,,,,,
,,,,,"damage","chr_daggergoblin_anim_hurt.glb",-1,22,100,"false","gen_hit_melee",0,,,,0,"true",,100,,,,,,"true",,,,,,,250,,,,,,,,,
,,,,,"brace","chr_daggergoblin_anim_brace.glb",-1,-1,100,"true",,0,,,,0,"false",,100,,,,,,"false",,,,,,,250,,,,,,,,,
,,,,,"celebrate","chr_daggergoblin_anim_celebrate.glb",-1,-1,100,"false",,0,,,,0,"false",,100,,,,,,"false",,,,,,,250,,,,,,,,,
,,,,,"used",,-1,-1,100,"false","gen_used_ground",0,,,,0,"false",,100,,,,,,"false",,,,,,,250,,,,,,,,,
,,,,,"die",,-1,-1,100,"false","Die",0,,,,0,"true",,100,,,,,,"false",,,,,,,250,,,,,,,,,
"MenuGoblin","chr_goblin_menu_rig.glb",8,90,90,"idle","chr_goblin_menu_anim_ui_idle.glb",-1,-1,100,"true",,0,,,,0,"false",,100,-30,11,4,"0xff20ef20",12,"false","info_screen_goblin","info_screen_goblin","map_goblin","card_button_goblin","card_button_wide_goblin","false",250,"knifeGeo_02;knifeGeo_03;knifeGeo_04","suspendersGeo; skinGeo; pantsGeo; legsGeo; browsGeo",0,,,,,,
,,,,,"upgrade","chr_goblin_menu_anim_upgrade.glb",-1,-1,100,"false",,0,"Gob_Aim",,,0,"false",,100,,,,,,"false",,,,,,,250,,,,,,,,,
,,,,,"item equipped","chr_goblin_menu_anim_item.glb",-1,-1,100,"false",,0,,,,0,"false",,100,,,,,,"false",,,,,,,250,,,,,,,,,
,,,,,"unlock","chr_goblin_menu_anim_upgrade.glb",-1,-1,100,"false",,0,,,,0,"false",,100,,,,,,"false",,,,,,,250,,,,,,,,,
,,,,,"cap increase","chr_goblin_menu_anim_upgrade.glb",-1,-1,100,"false",,0,,,,0,"false",,100,,,,,,"false",,,,,,,250,,,,,,,,,
"MenuGoblinKnife2","goblin_knife_2_rig.glb",8,,,"idle",,-1,-1,100,"false",,0,,,,0,"false",,100,,,,,,"false","info_screen_item_default","reward_screen_item_default",,,,,,,,,,,,,,
,,,,,"upgrade","item_anim_upgrade.glb",-1,-1,100,"false",,0,,,,0,"false",,100,,,,,,"false",,,,,,,,,,,,,,,,
"MenuGoblinKnife3","goblin_knife_3_rig.glb",8,,,"idle",,-1,-1,100,"false",,0,,,,0,"false",,100,,,,,,"false","info_screen_item_default","reward_screen_item_default",,,,,,,,,,,,,,
,,,,,"upgrade","item_anim_upgrade.glb",-1,-1,100,"false",,0,,,,0,"false",,100,,,,,,"false",,,,,,,,,,,,,,,,
"MenuGoblinKnife4","goblin_knife_4_rig.glb",8,,,"idle",,-1,-1,100,"false",,0,,,,0,"false",,100,,,,,,"false","info_screen_item_default","reward_screen_item_default",,,,,,,,,,,,,,
,,,,,"upgrade","item_anim_upgrade.glb",-1,-1,100,"false",,0,,,,0,"false",,100,,,,,,"false",,,,,,,,,,,,,,,,
"Prince","chr_prince_rig.glb",8,90,90,"idle","chr_prince_anim_idle.glb",-1,40,100,"true",,0,,,,0,"false",,100,-28,5,14,"0x00000000",9,"false","info_screen_prince","info_screen_prince",,"card_button_prince","card_button_wide_prince","true",250,"lanceGeo_02;lanceGeo_03;lanceGeo_04","shoesGeo; helmetGeo; headGeo; goateeGeo; glovesGeo; dressGeo; chestGeo; browsGeo; beltBuckle; armsGeo; legsGeo; mustacheGeo",0,,,,,,
,,,,,"fill","chr_prince_anim_run.glb",-1,12,100,"true",,0,,,,0,"false","aim",100,,,,,,"false",,,,,,,250,,,,,,,,,
,,,,,"attack",,-1,-1,100,"false","prince_atk_hit",0,,,"gen_hit_melee_piercing_large",0,"true",,100,,,,,,"false",,,,,,,250,,,,,,,,,
,,,,,"attack run","chr_prince_anim_attack_run.glb",-1,12,100,"true","trail_dust_prince",0,,,,0,"false","aim",100,,,,,,"false",,,,,,,250,,,,,,,,,
,,,,,"aim","chr_prince_anim_aim.glb",-1,8,100,"false","prince_atk_seq",0,,,,0,"false",,100,,,,,,"false",,,,,,,50,,,,,,,,,
,,,,,"aim idle","chr_prince_anim_aim.glb",-1,8,200,"false","prince_tap",0,,,,0,"false",,100,,,,,,"false",,,,,,,50,,,,,,,,,
,,,,,"movenext","chr_prince_anim_movenext.glb",-1,-1,100,"false",,0,,,,0,"false",,100,,,,,,"false",,,,,,,250,,,,,,,,,
,,,,,"damage","chr_prince_anim_hurt.glb",-1,-1,100,"false","gen_hit_melee",0,,,,0,"true",,100,,,,,,"true",,,,,,,250,,,,,,,,,
,,,,,"brace","chr_prince_anim_brace.glb",-1,-1,100,"true",,0,,,,0,"false",,100,,,,,,"false",,,,,,,250,,,,,,,,,
,,,,,"celebrate","chr_prince_anim_celebrate.glb",-1,-1,100,"false",,0,,,,0,"false",,100,,,,,,"false",,,,,,,250,,,,,,,,,
,,,,,"used",,-1,-1,100,"false","gen_used_ground",0,,,,0,"false",,100,,,,,,"false",,,,,,,250,,,,,,,,,
,,,,,"die",,-1,-1,100,"false","Die",0,,,,0,"true",,100,,,,,,"false",,,,,,,250,,,,,,,,,
"MenuPrince","chr_prince_menu_rig.glb",8,90,90,"idle","chr_prince_menu_anim_ui_idle.glb",-1,-1,100,"true",,0,,,,0,"false",,100,-28,5,14,"0x00000000",9,"false","info_screen_prince","info_screen_prince",,"card_button_prince","card_button_wide_prince","true",250,"lanceGeo_02;lanceGeo_03;lanceGeo_04","shoesGeo; helmetGeo; headGeo; goateeGeo; glovesGeo; dressGeo; chestGeo; browsGeo; beltBuckle; armsGeo; legsGeo; mustacheGeo",0,,,,,,
,,,,,"upgrade","chr_prince_menu_anim_upgrade.glb",-1,-1,100,"false",,0,"Prince_Tap",,,0,"false",,100,,,,,,"false",,,,,,,250,,,,,,,,,
,,,,,"item equipped","chr_prince_menu_anim_item.glb",-1,-1,100,"false",,0,,,,0,"false",,100,,,,,,"false",,,,,,,250,,,,,,,,,
,,,,,"bow","chr_prince_menu_anim_bow.glb",-1,-1,100,"false",,0,,,,0,"false",,100,,,,,,"false",,,,,,,250,,,,,,,,,
,,,,,"wet","chr_prince_menu_anim_dustoff.glb",-1,-1,100,"false",,0,,,,0,"false",,100,,,,,,"false",,,,,,,250,,,,,,,,,
,,,,,"unlock","chr_prince_menu_anim_upgrade.glb",-1,-1,100,"false",,0,,,,0,"false",,100,,,,,,"false",,,,,,,250,,,,,,,,,
,,,,,"cap increase","chr_prince_menu_anim_upgrade.glb",-1,-1,100,"false",,0,,,,0,"false",,100,,,,,,"false",,,,,,,250,,,,,,,,,
"MenuPrinceLance2","prince_lance_2_rig.glb",8,,,"idle",,-1,-1,100,"false",,0,,,,0,"false",,100,,,,,,"false","info_screen_item_default","reward_screen_item_default",,,,,,,,,,,,,,
,,,,,"upgrade","item_anim_upgrade.glb",-1,-1,100,"false",,0,,,,0,"false",,100,,,,,,"false",,,,,,,,,,,,,,,,
"MenuPrinceLance3","prince_lance_3_rig.glb",8,,,"idle",,-1,-1,100,"false",,0,,,,0,"false",,100,,,,,,"false","info_screen_item_default","reward_screen_item_default",,,,,,,,,,,,,,
,,,,,"upgrade","item_anim_upgrade.glb",-1,-1,100,"false",,0,,,,0,"false",,100,,,,,,"false",,,,,,,,,,,,,,,,
"MenuPrinceLance4","prince_lance_4_rig.glb",8,,,"idle",,-1,-1,100,"false",,0,,,,0,"false",,100,,,,,,"false","info_screen_item_default","reward_screen_item_default",,,,,,,,,,,,,,
,,,,,"upgrade","item_anim_upgrade.glb",-1,-1,100,"false",,0,,,,0,"false",,100,,,,,,"false",,,,,,,,,,,,,,,,
"XBow1","xbow_lv1_rig.glb",10,90,90,"idle","xbow_lv1_anim_idle.glb",-1,-1,100,"false",,0,,,,0,"false",,100,-25,5,0,"0x00000000",9,"false",,,,,,"false",250,,"Geo|xbow_string; xbow_bow; xbow_base",0,,,,,,
,,,,,"attack","xbow_lv1_anim_attack.glb",-1,12,100,"false",,0,"Xbow_Fire",,,0,"false",,100,,,,,,"true",,,,,,,50,,,,,,,,,
,,,,,"aim idle","xbow_lv1_anim_aim_idle.glb",-1,-1,100,"true",,0,,,,0,"false",,100,,,,,,"false",,,,,,,250,,,,,,,,,
,,,,,"die",,-1,-1,100,"false","building_destroyed_wood",0,,,,0,"true",,100,,,,,,"false",,,,,,,250,,,,,,,,,
,,,,,"damage",,-1,-1,100,"false","building_attacked_wood",0,,,,0,"true",,100,,,,,,"false",,,,,,,250,,,,,,,,,
"XBow2","xbow_lv2_rig.glb",10,90,90,"idle","xbow_lv2_anim_idle.glb",-1,-1,100,"false",,0,,,,0,"false",,100,-25,5,0,"0x00000000",9,"false",,,,,,"false",250,,"Geo|xbow_string; xbow_bow; xbow_base",0,,,,,,
,,,,,"attack","xbow_lv2_anim_attack.glb",-1,12,100,"false",,0,"Xbow_Fire",,,0,"false",,100,,,,,,"true",,,,,,,50,,,,,,,,,
,,,,,"aim idle","xbow_lv2_anim_aim_idle.glb",-1,-1,100,"true",,0,,,,0,"false",,100,,,,,,"false",,,,,,,250,,,,,,,,,
,,,,,"die",,-1,-1,100,"false","building_destroyed_woodNstone",0,,,,0,"true",,100,,,,,,"false",,,,,,,250,,,,,,,,,
,,,,,"damage",,-1,-1,100,"false","building_attacked_woodNstone",0,,,,0,"true",,100,,,,,,"false",,,,,,,250,,,,,,,,,
"XBow3","xbow_lv3_rig.glb",10,90,90,"idle","xbow_lv3_anim_idle.glb",-1,-1,100,"false",,0,,,,0,"false",,100,-25,5,0,"0x00000000",9,"false",,,,,,"false",250,,"Geo|xbow_string; xbow_bow; xbow_base",0,,,,,,
,,,,,"attack","xbow_lv3_anim_attack.glb",-1,12,100,"false",,0,"Xbow_Fire",,,0,"false",,100,,,,,,"true",,,,,,,50,,,,,,,,,
,,,,,"aim idle","xbow_lv3_anim_aim_idle.glb",-1,-1,100,"true",,0,,,,0,"false",,100,,,,,,"false",,,,,,,250,,,,,,,,,
,,,,,"die",,-1,-1,100,"false","building_destroyed_stone",0,,,,0,"true",,100,,,,,,"false",,,,,,,250,,,,,,,,,
,,,,,"damage",,-1,-1,100,"false","building_attacked_stone",0,,,,0,"true",,100,,,,,,"false",,,,,,,250,,,,,,,,,
"XBow4","xbow_lv4_rig.glb",10,90,90,"idle","xbow_lv4_anim_idle.glb",-1,-1,100,"false",,0,,,,0,"false",,100,-25,5,0,"0x00000000",9,"false",,,,,,"false",250,,"Geo|xbow_string; xbow_bow; xbow_base",0,,,,,,
,,,,,"attack","xbow_lv4_anim_attack.glb",-1,12,100,"false",,0,"Xbow_Fire",,,0,"false",,100,,,,,,"true",,,,,,,50,,,,,,,,,
,,,,,"aim idle","xbow_lv4_anim_aim_idle.glb",-1,-1,100,"true",,0,,,,0,"false",,100,,,,,,"false",,,,,,,250,,,,,,,,,
,,,,,"die",,-1,-1,100,"false","building_destroyed_stone",0,,,,0,"true",,100,,,,,,"false",,,,,,,250,,,,,,,,,
,,,,,"damage",,-1,-1,100,"false","building_attacked_stone",0,,,,0,"true",,100,,,,,,"false",,,,,,,250,,,,,,,,,
"XBow5","xbow_lv5_rig.glb",10,90,90,"idle","xbow_lv5_anim_idle.glb",-1,-1,100,"false",,0,,,,0,"false",,100,-25,5,0,"0x00000000",9,"false",,,,,,"false",250,,"Geo|xbow_string; xbow_bow; xbow_base",0,,,,,,
,,,,,"attack","xbow_lv5_anim_attack.glb",-1,12,100,"false",,0,"Xbow_Fire",,,0,"false",,100,,,,,,"true",,,,,,,50,,,,,,,,,
,,,,,"aim idle","xbow_lv5_anim_aim_idle.glb",-1,-1,100,"true",,0,,,,0,"false",,100,,,,,,"false",,,,,,,250,,,,,,,,,
,,,,,"die",,-1,-1,100,"false","building_destroyed_wood",0,,,,0,"true",,100,,,,,,"false",,,,,,,250,,,,,,,,,
,,,,,"damage",,-1,-1,100,"false","building_attacked_wood",0,,,,0,"true",,100,,,,,,"false",,,,,,,250,,,,,,,,,
"Wagon","wagon_rig.glb",10,90,90,"idle",,-1,-1,100,"false",,0,,,,0,"false",,100,-10,5,0,"0x00000000",9,"false",,,,,,"false",250,,,0,,,,,,
,,,,,"die",,-1,-1,100,"false","building_destroyed_wood",0,,,,0,"true",,100,,,,,,"false",,,,,,,250,,,,,,,,,
,,,,,"damage",,-1,-1,100,"false","building_attacked_wood",0,,,,0,"true",,100,,,,,,"false",,,,,,,250,,,,,,,,,
"Barrel","barrel.glb",10,90,90,"idle",,-1,-1,100,"false",,0,,,,0,"false",,100,-25,5,0,"0x00000000",9,"false",,,,,,"false",250,,,0,,,,,,
,,,,,"die",,-1,-1,100,"false","Explosion",0,,,,0,"true",,100,,,,,,"false",,,,,,,250,,,,,,,,,
,,,,,"damage",,-1,-1,100,"false","building_attacked_wood",0,,,,0,"true",,100,,,,,,"false",,,,,,,250,,,,,,,,,
"InfernoTower","inferno_tower_lvl1_rig.glb",11,90,90,"idle","inferno_tower_anim_idle.glb",-1,-1,100,"false",,0,,,,0,"false",,100,0,5,0,"0x00000000",9,"false",,,,,,"false",250,,,0,,,,,,
,,,,,"attack","inferno_tower_anim_attack.glb",-1,-1,100,"false",,0,"Inferno_Atk",,,0,"false",,100,,,,,,"false",,,,,,,250,,,,,,,,,
,,,,,"aim idle","inferno_tower_anim_aim_idle.glb",-1,-1,100,"true","inferno_lv1_aim_idle",0,"Inferno_Aim",,,0,"false",,100,,,,,,"false",,,,,,,250,,,,,,,,,
,,,,,"die",,-1,-1,100,"false","building_destroyed_stone",0,,,,0,"true",,100,,,,,,"false",,,,,,,250,,,,,,,,,
,,,,,"damage",,-1,-1,100,"false","building_attacked_stone",0,,,,0,"true",,100,,,,,,"false",,,,,,,250,,,,,,,,,
"InfernoTower2","inferno_tower_lvl2_rig.glb",11,90,90,"idle","inferno_tower_anim_idle.glb",-1,-1,100,"false",,0,,,,0,"false",,100,0,5,0,"0x00000000",9,"false",,,,,,"false",250,,,0,,,,,,
,,,,,"attack","inferno_tower_anim_attack.glb",-1,-1,100,"false",,0,"Inferno_Atk",,,0,"false",,100,,,,,,"false",,,,,,,250,,,,,,,,,
,,,,,"aim idle","inferno_tower_anim_aim_idle.glb",-1,-1,100,"true","inferno_lv1_aim_idle",0,"Inferno_Aim",,,0,"false",,100,,,,,,"false",,,,,,,250,,,,,,,,,
,,,,,"die",,-1,-1,100,"false","building_destroyed_stone",0,,,,0,"true",,100,,,,,,"false",,,,,,,250,,,,,,,,,
,,,,,"damage",,-1,-1,100,"false","building_attacked_stone",0,,,,0,"true",,100,,,,,,"false",,,,,,,250,,,,,,,,,
"InfernoTower3","inferno_tower_lvl3_rig.glb",11,90,90,"idle","inferno_tower_anim_idle.glb",-1,-1,100,"false",,0,,,,0,"false",,100,0,5,0,"0x00000000",9,"false",,,,,,"false",250,,,0,,,,,,
,,,,,"attack","inferno_tower_anim_attack.glb",-1,-1,100,"false",,0,"Inferno_Atk",,,0,"false",,100,,,,,,"false",,,,,,,250,,,,,,,,,
,,,,,"aim idle","inferno_tower_anim_aim_idle.glb",-1,-1,100,"true","inferno_lv1_aim_idle",0,"Inferno_Aim",,,0,"false",,100,,,,,,"false",,,,,,,250,,,,,,,,,
,,,,,"die",,-1,-1,100,"false","building_destroyed_stone",0,,,,0,"true",,100,,,,,,"false",,,,,,,250,,,,,,,,,
,,,,,"damage",,-1,-1,100,"false","building_attacked_stone",0,,,,0,"true",,100,,,,,,"false",,,,,,,250,,,,,,,,,
"InfernoTower4","inferno_tower_lvl4_rig.glb",11,90,90,"idle","inferno_tower_anim_idle.glb",-1,-1,100,"false",,0,,,,0,"false",,100,0,5,0,"0x00000000",9,"false",,,,,,"false",250,,,0,,,,,,
,,,,,"attack","inferno_tower_anim_attack.glb",-1,-1,100,"false",,0,"Inferno_Atk",,,0,"false",,100,,,,,,"false",,,,,,,250,,,,,,,,,
,,,,,"aim idle","inferno_tower_anim_aim_idle.glb",-1,-1,100,"true","inferno_lv1_aim_idle",0,"Inferno_Aim",,,0,"false",,100,,,,,,"false",,,,,,,250,,,,,,,,,
,,,,,"die",,-1,-1,100,"false","building_destroyed_stone",0,,,,0,"true",,100,,,,,,"false",,,,,,,250,,,,,,,,,
,,,,,"damage",,-1,-1,100,"false","building_attacked_stone",0,,,,0,"true",,100,,,,,,"false",,,,,,,250,,,,,,,,,
"InfernoTower5","inferno_tower_lvl5_rig.glb",11,90,90,"idle","inferno_tower_anim_idle.glb",-1,-1,100,"false",,0,,,,0,"false",,100,0,5,0,"0x00000000",9,"false",,,,,,"false",250,,,0,,,,,,
,,,,,"attack","inferno_tower_anim_attack.glb",-1,-1,100,"false",,0,"Inferno_Atk",,,0,"false",,100,,,,,,"false",,,,,,,250,,,,,,,,,
,,,,,"aim idle","inferno_tower_anim_aim_idle.glb",-1,-1,100,"true","inferno_lv1_aim_idle",0,"Inferno_Aim",,,0,"false",,100,,,,,,"false",,,,,,,250,,,,,,,,,
,,,,,"die",,-1,-1,100,"false","building_destroyed_stone",0,,,,0,"true",,100,,,,,,"false",,,,,,,250,,,,,,,,,
,,,,,"damage",,-1,-1,100,"false","building_attacked_stone",0,,,,0,"true",,100,,,,,,"false",,,,,,,250,,,,,,,,,
"Tesla1","tesla_tower_rig_lvl01.glb",10,90,90,"idle","teslatower_lvl01_anim_idle.glb",-1,-1,100,"true",,0,,,,0,"false","appear",100,-25,5,0,"0x00000000",9,"false",,,,,,"false",30,,"tower_geo; ground_geo; ball_geo; R_hatch_geo; L_hatch_geo",0,,,,,,
,,,,,"hiding","teslatower_lvl01_anim_ground_idle.glb",-1,-1,100,"true",,0,,,,0,"false","disappear",100,,,,,,"false",,,,,,,30,,,,,1,,,,
,,,,,"attack","teslatower_lvl01_anim_attack.glb",-1,-1,100,"false","tesla_lv1_attack_loading",0,"Tesla_Atk",,"tesla_lv1_attack_hit",0,"false",,100,,,,,,"false",,,,,,,30,,,,,,,,,
,,,,,"aim idle","teslatower_lvl01_anim_aim_idle.glb",-1,-1,100,"true","tesla_lv1_aim_idle",0,"Tesla_Aim",,,0,"false",,100,,,,,,"false",,,,,,,30,,,,,,,,,
,,,,,"appear","teslatower_lvl01_anim_open.glb",-1,-1,100,"false",,0,"Tesla_Open",,,0,"false",,100,,,,,,"false",,,,,,,30,,,,,,,,"hiding","idle"
,,,,,"disappear","teslatower_lvl01_anim_close.glb",-1,-1,100,"false",,0,"Tesla_Close",,,0,"false",,100,,,,,,"false",,,,,,,30,,,,,,,,"idle","hiding"
,,,,,"die",,-1,-1,100,"false","building_destroyed_wood",0,,,,0,"true",,100,,,,,,"false",,,,,,,30,,,,,,,,,
,,,,,"damage",,-1,-1,100,"false","building_attacked_wood",0,,,,0,"true",,100,,,,,,"false",,,,,,,30,,,,,,,,,
"Tesla2","tesla_tower_rig_lvl02.glb",10,90,90,"idle","teslatower_lvl02_anim_idle.glb",-1,-1,100,"true",,0,,,,0,"false","appear",100,-25,5,0,"0x00000000",9,"false",,,,,,"false",30,,"tower_geo; ground_geo; ball_geo; R_hatch_geo; L_hatch_geo",0,,,,,,
,,,,,"hiding","teslatower_lvl02_anim_ground_idle.glb",-1,-1,100,"true",,0,,,,0,"false","disappear",100,,,,,,"false",,,,,,,30,,,,,1,,,,
,,,,,"attack","teslatower_lvl02_anim_attack.glb",-1,-1,100,"false","tesla_lv1_attack_loading",0,"Tesla_Atk",,"tesla_lv1_attack_hit",0,"false",,100,,,,,,"false",,,,,,,30,,,,,,,,,
,,,,,"aim idle","teslatower_lvl02_anim_aim_idle.glb",-1,-1,100,"true","tesla_lv1_aim_idle",0,"Tesla_Aim",,,0,"false",,100,,,,,,"false",,,,,,,30,,,,,,,,,
,,,,,"appear","teslatower_lvl02_anim_open.glb",-1,-1,100,"false",,0,"Tesla_Open",,,0,"false",,100,,,,,,"false",,,,,,,30,,,,,,,,"hiding","idle"
,,,,,"disappear","teslatower_lvl02_anim_close.glb",-1,-1,100,"false",,0,"Tesla_Close",,,0,"false",,100,,,,,,"false",,,,,,,30,,,,,,,,"idle","hiding"
,,,,,"die",,-1,-1,100,"false","building_destroyed_wood",0,,,,0,"true",,100,,,,,,"false",,,,,,,30,,,,,,,,,
,,,,,"damage",,-1,-1,100,"false","building_attacked_wood",0,,,,0,"true",,100,,,,,,"false",,,,,,,30,,,,,,,,,
"Tesla3","tesla_tower_rig_lvl03.glb",10,90,90,"idle","teslatower_lvl03_anim_idle.glb",-1,-1,100,"true",,0,,,,0,"false","appear",100,-25,5,0,"0x00000000",9,"false",,,,,,"false",30,,"tower_geo; ground_geo; ball_geo; R_hatch_geo; L_hatch_geo",0,,,,,,
,,,,,"hiding","teslatower_lvl03_anim_ground_idle.glb",-1,-1,100,"true",,0,,,,0,"false","disappear",100,,,,,,"false",,,,,,,30,,,,,1,,,,
,,,,,"attack","teslatower_lvl03_anim_attack.glb",-1,-1,100,"false","tesla_lv1_attack_loading",0,"Tesla_Atk",,"tesla_lv1_attack_hit",0,"false",,100,,,,,,"false",,,,,,,30,,,,,,,,,
,,,,,"aim idle","teslatower_lvl03_anim_aim_idle.glb",-1,-1,100,"true","tesla_lv1_aim_idle",0,"Tesla_Aim",,,0,"false",,100,,,,,,"false",,,,,,,30,,,,,,,,,
,,,,,"appear","teslatower_lvl03_anim_open.glb",-1,-1,100,"false",,0,"Tesla_Open",,,0,"false",,100,,,,,,"false",,,,,,,30,,,,,,,,"hiding","idle"
,,,,,"disappear","teslatower_lvl03_anim_close.glb",-1,-1,100,"false",,0,"Tesla_Close",,,0,"false",,100,,,,,,"false",,,,,,,30,,,,,,,,"idle","hiding"
,,,,,"die",,-1,-1,100,"false","building_destroyed_wood",0,,,,0,"true",,100,,,,,,"false",,,,,,,30,,,,,,,,,
,,,,,"damage",,-1,-1,100,"false","building_attacked_wood",0,,,,0,"true",,100,,,,,,"false",,,,,,,30,,,,,,,,,
"Tesla4","tesla_tower_rig_lvl04.glb",10,90,90,"idle","teslatower_lvl04_anim_idle.glb",-1,-1,100,"true",,0,,,,0,"false","appear",100,-25,5,0,"0x00000000",9,"false",,,,,,"false",30,,"tower_geo; ground_geo; ball_geo; R_hatch_geo; L_hatch_geo",0,,,,,,
,,,,,"hiding","teslatower_lvl04_anim_ground_idle.glb",-1,-1,100,"true",,0,,,,0,"false","disappear",100,,,,,,"false",,,,,,,30,,,,,1,,,,
,,,,,"attack","teslatower_lvl04_anim_attack.glb",-1,-1,100,"false","tesla_lv1_attack_loading",0,"Tesla_Atk",,"tesla_lv1_attack_hit",0,"false",,100,,,,,,"false",,,,,,,30,,,,,,,,,
,,,,,"aim idle","teslatower_lvl04_anim_aim_idle.glb",-1,-1,100,"true","tesla_lv1_aim_idle",0,"Tesla_Aim",,,0,"false",,100,,,,,,"false",,,,,,,30,,,,,,,,,
,,,,,"appear","teslatower_lvl04_anim_open.glb",-1,-1,100,"false",,0,"Tesla_Open",,,0,"false",,100,,,,,,"false",,,,,,,30,,,,,,,,"hiding","idle"
,,,,,"disappear","teslatower_lvl04_anim_close.glb",-1,-1,100,"false",,0,"Tesla_Close",,,0,"false",,100,,,,,,"false",,,,,,,30,,,,,,,,"idle","hiding"
,,,,,"die",,-1,-1,100,"false","building_destroyed_wood",0,,,,0,"true",,100,,,,,,"false",,,,,,,30,,,,,,,,,
,,,,,"damage",,-1,-1,100,"false","building_attacked_wood",0,,,,0,"true",,100,,,,,,"false",,,,,,,30,,,,,,,,,
"Tesla5","tesla_tower_rig_lvl05.glb",10,90,90,"idle","teslatower_lvl05_anim_idle.glb",-1,-1,100,"true",,0,,,,0,"false","appear",100,-25,5,0,"0x00000000",9,"false",,,,,,"false",30,,"tower_geo; ground_geo; ball_geo; R_hatch_geo; L_hatch_geo",0,,,,,,
,,,,,"hiding","teslatower_lvl05_anim_ground_idle.glb",-1,-1,100,"true",,0,,,,0,"false","disappear",100,,,,,,"false",,,,,,,30,,,,,1,,,,
,,,,,"attack","teslatower_lvl05_anim_attack.glb",-1,-1,100,"false","tesla_lv1_attack_loading",0,"Tesla_Atk",,"tesla_lv1_attack_hit",0,"false",,100,,,,,,"false",,,,,,,30,,,,,,,,,
,,,,,"aim idle","teslatower_lvl05_anim_aim_idle.glb",-1,-1,100,"true","tesla_lv1_aim_idle",0,"Tesla_Aim",,,0,"false",,100,,,,,,"false",,,,,,,30,,,,,,,,,
,,,,,"appear","teslatower_lvl05_anim_open.glb",-1,-1,100,"false",,0,"Tesla_Open",,,0,"false",,100,,,,,,"false",,,,,,,30,,,,,,,,"hiding","idle"
,,,,,"disappear","teslatower_lvl05_anim_close.glb",-1,-1,100,"false",,0,"Tesla_Close",,,0,"false",,100,,,,,,"false",,,,,,,30,,,,,,,,"idle","hiding"
,,,,,"die",,-1,-1,100,"false","building_destroyed_wood",0,,,,0,"true",,100,,,,,,"false",,,,,,,30,,,,,,,,,
,,,,,"damage",,-1,-1,100,"false","building_attacked_wood",0,,,,0,"true",,100,,,,,,"false",,,,,,,30,,,,,,,,,
"Pekka","chr_pekka_rig.glb",7,90,90,"idle","chr_pekka_anim_idle.glb",-1,58,100,"true",,0,,,,0,"false",,100,-30,3,6,"0x00000000",9,"false","info_screen_pekka","info_screen_pekka","map_pekka","card_button_pekka","card_button_wide_pekka","false",250,"swordGeo_02;swordGeo_03;swordGeo_04","wristPadsGeo; shoulderPadsGeo; shoesGeo; pantsGeo; neckGeo; hipsPadsGeo; hipsGeo; headGeo; chestGeo; braceletsGeo; armsGeo",0,,,,,,
,,,,,"fill","chr_pekka_anim_run.glb",-1,20,100,"true",,0,,,,0,"false",,100,,,,,,"false",,,,,,,200,,,,,,,,,
,,,,,"attack run","chr_pekka_anim_run.glb",-1,20,100,"true","trail_dust",0,"Pekka_Atk_Run",,,0,"false",,100,,,,,,"false",,,,,,,200,,,,,,,,,
,,,,,"attack","chr_pekka_anim_attack.glb",-1,9,100,"true","pekka_lv1_attack",150,"Pekka_Atk",,"gen_hit_melee",0,"false",,60,,,,,,"false",,,,,,,50,,,,,,,,,
,,,,,"aim","chr_pekka_anim_aim.glb",-1,-1,100,"false",,0,,,,0,"false",,100,,,,,,"false",,,,,,,200,,,,,,,,,
,,,,,"aim idle","chr_pekka_anim_aim.glb",-1,-1,200,"false",,0,"Pekka_Tap",,,0,"false",,100,,,,,,"false",,,,,,,250,,,,,,,,,
,,,,,"movenext","chr_pekka_anim_movenext.glb",-1,-1,100,"false",,0,,,,0,"false",,100,,,,,,"false",,,,,,,200,,,,,,,,,
,,,,,"anticipate","chr_pekka_anim_attack_anticipation.glb",-1,-1,100,"false",,0,,,,0,"false",,100,,,,,,"false",,,,,,,250,,,,,,,,,
,,,,,"damage","chr_pekka_anim_hurt.glb",-1,-1,100,"false","Testing",0,,,,0,"true",,100,,,,,,"true",,,,,,,250,,,,,,,,,
,,,,,"brace","chr_pekka_anim_brace.glb",-1,-1,100,"true",,0,,,,0,"false",,100,,,,,,"false",,,,,,,250,,,,,,,,,
,,,,,"celebrate","chr_pekka_anim_celebrate.glb",-1,-1,100,"false",,0,,,,0,"false",,100,,,,,,"false",,,,,,,250,,,,,,,,,
,,,,,"used",,-1,-1,100,"false","gen_used_ground",0,,,,0,"false",,100,,,,,,"false",,,,,,,250,,,,,,,,,
,,,,,"die",,-1,-1,100,"false","Die",0,,,,0,"true",,100,,,,,,"false",,,,,,,250,,,,,,,,,
"MenuPekka","chr_pekka_menu_rig.glb",7,90,90,"idle","chr_pekka_menu_anim_ui_idle.glb",-1,-1,100,"true",,0,,,,0,"false",,100,-30,3,6,"0x00000000",9,"false","info_screen_pekka","info_screen_pekka","map_pekka","card_button_default","card_button_wide_pekka","false",250,"swordGeo_02;swordGeo_03;swordGeo_04","wristPadsGeo; shoulderPadsGeo; shoesGeo; pantsGeo; neckGeo; hipsPadsGeo; hipsGeo; headGeo; chestGeo; braceletsGeo; armsGeo",0,,,,,,
,,,,,"upgrade","chr_pekka_menu_anim_upgrade.glb",-1,-1,100,"false",,0,,,,0,"false",,100,,,,,,"false",,,,,,,250,,,,,,,,,
,,,,,"item equipped","chr_pekka_menu_anim_item.glb",-1,-1,100,"false",,0,,,,0,"false",,100,,,,,,"false",,,,,,,250,,,,,,,,,
,,,,,"unlock","chr_pekka_menu_anim_upgrade.glb",-1,-1,100,"false",,0,,,,0,"false",,100,,,,,,"false",,,,,,,250,,,,,,,,,
,,,,,"cap increase","chr_pekka_menu_anim_upgrade.glb",-1,-1,100,"false",,0,,,,0,"false",,100,,,,,,"false",,,,,,,250,,,,,,,,,
"MenuPekkaSword2","pekka_sword_2_rig.glb",8,,,"idle",,-1,-1,100,"false",,0,,,,0,"false",,100,,,,,,"false","info_screen_item_default","reward_screen_item_default",,,,,,,,,,,,,,
,,,,,"upgrade","item_anim_upgrade.glb",-1,-1,100,"false",,0,,,,0,"false",,100,,,,,,"false",,,,,,,,,,,,,,,,
"MenuPekkaSword3","pekka_sword_3_rig.glb",8,,,"idle",,-1,-1,100,"false",,0,,,,0,"false",,100,,,,,,"false","info_screen_item_default","reward_screen_item_default",,,,,,,,,,,,,,
,,,,,"upgrade","item_anim_upgrade.glb",-1,-1,100,"false",,0,,,,0,"false",,100,,,,,,"false",,,,,,,,,,,,,,,,
"MenuPekkaSword4","pekka_sword_4_rig.glb",8,,,"idle",,-1,-1,100,"false",,0,,,,0,"false",,100,,,,,,"false","info_screen_item_default","reward_screen_item_default",,,,,,,,,,,,,,
,,,,,"upgrade","item_anim_upgrade.glb",-1,-1,100,"false",,0,,,,0,"false",,100,,,,,,"false",,,,,,,,,,,,,,,,
"FireBall","spell_bottle_fireball.glb",8,90,90,"idle","spell_bottle_fireball_anim_idle.glb",-1,-1,100,"true","spell_fireball_idle",0,,,,0,"false",,100,0,5,0,"0x00000000",9,"false","info_screen_spell","info_screen_spell","info_screen_spell","card_button_spell","card_button_wide_spell","false",150,,,0,,,,,,
,,,,,"upgrade","spell_bottle_fireball_anim_upgrade.glb",-1,-1,100,"false","spell_fireball_idle",0,,,,0,"false",,100,0,,,,,,,,,,,,150,,,,,,,,,
,,,,,"info page idle","spell_bottle_fireball_anim_idle.glb",-1,-1,100,"true","spell_fireball_idle",0,,,,0,"false",,100,0,5,0,"0x00000000",9,"false","info_screen_spell","info_screen_spell","info_screen_spell","card_button_spell","card_button_wide_spell","false",150,,,0,,,,,,
"Log","spell_log.glb",11,90,90,"idle","spell_log_anim_idle.glb",-1,-1,100,"true",,0,,,,0,"false",,100,0,5,0,"0x00000000",9,"false","info_screen_log","info_screen_log","info_screen_log","card_button_log","card_button_wide_log","false",250,,,0,,,,,,
,,,,,"upgrade","spell_log_anim_upgrade.glb",-1,-1,100,"false",,0,,,,0,"false",,100,0,5,0,"0x00000000",9,"false","info_screen_log","info_screen_log","info_screen_log","card_button_log","card_button_wide_log","false",250,,,0,,,,,,
"Rocket","spell_rocket.glb",12,90,90,"idle","spell_rocket_anim_idle.glb",-1,-1,100,"true","small_rocket_trail",0,,,,0,"false",,100,0,5,0,"0x00000000",9,"false","info_screen_rocket","info_screen_rocket","info_screen_rocket","card_button_rocket","card_button_wide_rocket","false",150,,,0,,,,,,
,,,,,"upgrade","spell_rocket_anim_upgrade.glb",-1,-1,100,"false","small_rocket_trail",0,,,,0,"false",,100,,,,,,,,,,,,,,,,,,,,,,
,,,,,"info page idle","spell_rocket_anim_idle.glb",-1,-1,100,"true","small_rocket_trail",0,,,,0,"false",,100,0,5,0,"0x00000000",9,"false","info_screen_rocket","info_screen_rocket","info_screen_rocket","card_button_rocket","card_button_wide_rocket","false",150,,,0,,,,,,
"Charge","tactics_book_charge.glb",8,90,90,"idle","tactics_book_charge_anim_idle.glb",-1,-1,100,"true",,0,,,,0,"false",,100,0,5,0,"0x00000000",9,"false","info_screen_tactic","info_screen_tactic","info_screen_tactic","card_button_tactic","card_button_wide_tactic","false",250,,,0,,,,,,
"Retreat","tactics_book_retreat.glb",8,90,90,"idle","tactics_book_retreat_anim_idle.glb",-1,-1,100,"true",,0,,,,0,"false",,100,0,5,0,"0x00000000",9,"false","info_screen_tactic","info_screen_tactic","info_screen_tactic","card_button_tactic","card_button_wide_tactic","false",250,,,0,,,,,,
"Step","tactics_book_step.glb",8,90,90,"idle","tactics_book_step_anim_idle.glb",-1,-1,100,"true",,0,,,,0,"false",,100,0,5,0,"0x00000000",9,"false","info_screen_tactic","info_screen_tactic","info_screen_tactic","card_button_tactic","card_button_wide_tactic","false",250,,,0,,,,,,
"Zap","spell_bottle_zap.glb",8,90,90,"idle","spell_bottle_zap_anim_idle.glb",-1,-1,100,"true","spell_zap_idle",0,,,,0,"false",,100,0,5,0,"0x00000000",9,"false","info_screen_spell","info_screen_spell","info_screen_spell","card_button_spell","card_button_wide_spell","false",150,,,0,,,,,,
,,,,,"upgrade","spell_bottle_zap_anim_upgrade.glb",-1,-1,100,"false","spell_zap_idle",0,,,,0,"false",,100,0,,,,,,,,,,,,150,,,,,,,,,
,,,,,"info page idle","spell_bottle_zap_anim_idle.glb",-1,-1,100,"true","spell_zap_idle",0,,,,0,"false",,100,0,5,0,"0x00000000",9,"false","info_screen_spell","info_screen_spell","info_screen_spell","card_button_spell","card_button_wide_spell","false",150,,,0,,,,,,
"Furnace","furnace_lv1_rig.glb",10,90,90,"idle",,-1,-1,100,"false",,0,,,,0,"false",,100,0,5,0,"0x00000000",9,"false",,,,,,"false",250,,,0,,,,,,
"Furnace2","furnace_lvl2_rig.glb",10,90,90,"idle",,-1,-1,100,"false",,0,,,,0,"false",,100,0,5,0,"0x00000000",9,"false",,,,,,"false",250,,,0,,,,,,
"Furnace3","furnace_lvl3_rig.glb",10,90,90,"idle",,-1,-1,100,"false",,0,,,,0,"false",,100,0,5,0,"0x00000000",9,"false",,,,,,"false",250,,,0,,,,,,
"Furnace4","furnace_lvl4_rig.glb",10,90,90,"idle",,-1,-1,100,"false",,0,,,,0,"false",,100,0,5,0,"0x00000000",9,"false",,,,,,"false",250,,,0,,,,,,
"Furnace5","furnace_lvl5_rig.glb",10,90,90,"idle",,-1,-1,100,"false",,0,,,,0,"false",,100,0,5,0,"0x00000000",9,"false",,,,,,"false",250,,,0,,,,,,
"Furnace6","furnace_lvl6_rig.glb",10,90,90,"idle",,-1,-1,100,"false",,0,,,,0,"false",,100,0,5,0,"0x00000000",9,"false",,,,,,"false",250,,,0,,,,,,
"FireSpirit","firespirit_rig.glb",8,90,90,"idle","firespirit_anim_idle.glb",-1,-1,100,"true",,0,,,,0,"false",,100,-10,8,0,"0x00000000",9,"false",,,,,,"false",250,,,0,,,,,,
,,8,90,90,"movenext","firespirit_anim_aim.glb",-1,-1,100,"false",,0,,,,0,"false",,100,,,,,,"false",,,,,,"false",250,,,0,,,,,,
,,8,90,90,"run","firespirit_anim_attack.glb",-1,-1,100,"false",,0,,,,0,"false",,100,,,,,,"false",,,,,,"false",250,,,0,,,,,,
"BabyDragon","chr_babydragon_rig.glb",8,90,90,"idle","chr_babydragon_anim_idle.glb",-1,-1,100,"true",,0,,,,0,"false",,100,-48,8,3,"0x00000000",9,"false","info_screen_babydragon","info_screen_babydragon","map_default","card_button_babydragon","card_button_wide_babydragon","false",250,"collarGeo_02;collarGeo_03;collarGeo_04",,0,,,,15,,
,,,,,"fill","chr_babydragon_anim_run.glb",-1,-1,100,"true",,0,,,,0,"false","aim",100,,,,,,"false",,,,,,,150,,,,,,,,,
,,,,,"brace","chr_babydragon_anim_brace_idle.glb",-1,-1,100,"true",,0,,,,0,"false",,100,,,,,,"false",,,,,,,250,,,,,,,,,
,,,,,"attack idle","chr_babydragon_anim_attack_run.glb",-1,-1,100,"true",,0,"BabyD_Atk_01",,,0,"true",,100,,,,,,"false",,,,,,,150,,,,,,,,,
,,,,,"movenext","chr_babydragon_anim_movenext.glb",-1,-1,100,"false",,0,,,,0,"false",,100,,,,,,"false",,,,,,,100,,,,,,,,,
,,,,,"aim","chr_babydragon_anim_aim.glb",-1,-1,100,"false",,0,"BabyD_Tap_01",,,0,"false",,100,,,,,,"false",,,,,,,50,,,,,,,,,
,,,,,"damage","chr_babydragon_anim_hurt.glb",-1,-1,100,"false","Testing",0,,,,0,"true",,100,,,,,,"true",,,,,,,150,,,,,,,,,
,,,,,"celebrate","chr_babydragon_anim_celebrate.glb",-1,-1,100,"false",,0,,,,0,"false",,100,,,,,,"false",,,,,,,250,,,,,,,,,
"MenuBabyDragon","chr_babydragon_menu_rig.glb",8,90,90,"idle","chr_babydragon_menu_anim_ui_idle.glb",-1,-1,100,"true",,0,,,,0,"false",,100,-48,8,3,"0x00000000",9,"false","info_screen_babydragon","info_screen_babydragon","map_default","card_button_babydragon","card_button_wide_babydragon","false",250,"collarGeo_02;collarGeo_03;collarGeo_04",,0,,,,,,
,,,,,"upgrade","chr_babydragon_menu_anim_upgrade.glb",-1,-1,100,"false",,0,"BabyD_Tap_01",,,0,"false",,100,,,,,,"false",,,,,,,250,,,,,,,,,
,,,,,"item equipped","chr_babydragon_menu_anim_item.glb",-1,-1,100,"false",,0,,,,0,"false",,100,,,,,,"false",,,,,,,250,,,,,,,,,
,,,,,"unlock","chr_babydragon_menu_anim_upgrade.glb",-1,-1,100,"false",,0,,,,0,"false",,100,,,,,,"false",,,,,,,250,,,,,,,,,
,,,,,"cap increase","chr_babydragon_menu_anim_upgrade.glb",-1,-1,100,"false",,0,,,,0,"false",,100,,,,,,"false",,,,,,,250,,,,,,,,,
"MenuBabydragonCollar2","babydragon_collar_2_rig.glb",8,,,"idle",,-1,-1,100,"false",,0,,,,0,"false",,100,,,,,,"false","info_screen_item_default","reward_screen_item_default",,,,,,,,,,,,,,
,,,,,"upgrade","item_anim_upgrade.glb",-1,-1,100,"false",,0,,,,0,"false",,100,,,,,,"false",,,,,,,,,,,,,,,,
"MenuBabydragonCollar3","babydragon_collar_3_rig.glb",8,,,"idle",,-1,-1,100,"false",,0,,,,0,"false",,100,,,,,,"false","info_screen_item_default","reward_screen_item_default",,,,,,,,,,,,,,
,,,,,"upgrade","item_anim_upgrade.glb",-1,-1,100,"false",,0,,,,0,"false",,100,,,,,,"false",,,,,,,,,,,,,,,,
"MenuBabydragonCollar4","babydragon_collar_4_rig.glb",8,,,"idle",,-1,-1,100,"false",,0,,,,0,"false",,100,,,,,,"false","info_screen_item_default","reward_screen_item_default",,,,,,,,,,,,,,
,,,,,"upgrade","item_anim_upgrade.glb",-1,-1,100,"false",,0,,,,0,"false",,100,,,,,,"false",,,,,,,,,,,,,,,,
"DraftTactics","draftbuilding_tactics_rig.glb",8,90,90,"idle",,-1,-1,100,"false",,0,,,,0,"false",,100,-13,5,0,"0x00000000",9,"false","info_screen_default","info_screen_default",,"card_button_default","card_button_wide_default","false",250,,,0,,,,,,
,,,,,"die",,-1,-1,100,"false","building_destroyed_wood",0,,,,0,"false",,100,,,,,,"false","info_screen_default","info_screen_default",,"card_button_default","card_button_wide_default",,250,,,,,,,,,
"DraftTroops","draftbuilding_troops_rig.glb",8,90,90,"idle",,-1,-1,100,"false",,0,,,,0,"false",,100,-13,5,0,"0x00000000",9,"false","info_screen_default","info_screen_default",,"card_button_default","card_button_wide_default","false",250,,,0,,,,,,
,,,,,"die",,-1,-1,100,"false","building_destroyed_wood",0,,,,0,"false",,100,,,,,,"false","info_screen_default","info_screen_default",,"card_button_default","card_button_wide_default",,250,,,,,,,,,
"DraftSpells","draftbuilding_spells_rig.glb",8,90,90,"idle",,-1,-1,100,"false",,0,,,,0,"false",,100,-13,5,0,"0x00000000",9,"false","info_screen_default","info_screen_default",,"card_button_default","card_button_wide_default","false",250,,,0,,,,,,
,,,,,"die",,-1,-1,100,"false","building_destroyed_wood",0,,,,0,"false",,100,,,,,,"false","info_screen_default","info_screen_default",,"card_button_default","card_button_wide_default",,250,,,,,,,,,
"DecoData0",,0,0,0,,,-1,-1,100,"false",,0,,,,0,"false",,100,0,5,0,"0x00000000",9,"false",,,,,,"false",250,,,0,,,,,,
"DecoData1",,0,0,0,,,-1,-1,100,"false",,0,,,,0,"false",,100,0,5,0,"0x00000000",9,"false",,,,,,"false",250,,,0,,,,,,
"DecoData2",,0,0,0,,,-1,-1,100,"false",,0,,,,0,"false",,100,0,5,0,"0x00000000",9,"false",,,,,,"false",250,,,0,,,,,,
"DecoData3",,0,0,0,,,-1,-1,100,"false",,0,,,,0,"false",,100,0,5,0,"0x00000000",9,"false",,,,,,"false",250,,,0,,,,,,
"DecoData4",,0,0,0,,,-1,-1,100,"false",,0,,,,0,"false",,100,0,5,0,"0x00000000",9,"false",,,,,,"false",250,,,0,,,,,,
"DecoData5",,0,0,0,,,-1,-1,100,"false",,0,,,,0,"false",,100,0,5,0,"0x00000000",9,"false",,,,,,"false",250,,,0,,,,,,
"DecoData6",,0,0,0,,,-1,-1,100,"false",,0,,,,0,"false",,100,0,5,0,"0x00000000",9,"false",,,,,,"false",250,,,0,,,,,,
"DecoData7",,0,0,0,,,-1,-1,100,"false",,0,,,,0,"false",,100,0,5,0,"0x00000000",9,"false",,,,,,"false",250,,,0,,,,,,
"DecoData8",,0,0,0,,,-1,-1,100,"false",,0,,,,0,"false",,100,0,5,0,"0x00000000",9,"false",,,,,,"false",250,,,0,,,,,,
"DecoData9",,0,0,0,,,-1,-1,100,"false",,0,,,,0,"false",,100,0,5,0,"0x00000000",9,"false",,,,,,"false",250,,,0,,,,,,
"DecoData10",,0,0,0,,,-1,-1,100,"false",,0,,,,0,"false",,100,0,5,0,"0x00000000",9,"false",,,,,,"false",250,,,0,,,,,,
"DecoData11",,0,0,0,,,-1,-1,100,"false",,0,,,,0,"false",,100,0,5,0,"0x00000000",9,"false",,,,,,"false",250,,,0,,,,,,
"DecoData12",,0,0,0,,,-1,-1,100,"false",,0,,,,0,"false",,100,0,5,0,"0x00000000",9,"false",,,,,,"false",250,,,0,,,,,,
"DecoData13",,0,0,0,,,-1,-1,100,"false",,0,,,,0,"false",,100,0,5,0,"0x00000000",9,"false",,,,,,"false",250,,,0,,,,,,
"DecoData14",,0,0,0,,,-1,-1,100,"false",,0,,,,0,"false",,100,0,5,0,"0x00000000",9,"false",,,,,,"false",250,,,0,,,,,,
"DecoData15",,0,0,0,,,-1,-1,100,"false",,0,,,,0,"false",,100,0,5,0,"0x00000000",9,"false",,,,,,"false",250,,,0,,,,,,
"DecoData16",,0,0,0,,,-1,-1,100,"false",,0,,,,0,"false",,100,0,5,0,"0x00000000",9,"false",,,,,,"false",250,,,0,,,,,,
"DecoData17",,0,0,0,,,-1,-1,100,"false",,0,,,,0,"false",,100,0,5,0,"0x00000000",9,"false",,,,,,"false",250,,,0,,,,,,
"DecoData18",,0,0,0,,,-1,-1,100,"false",,0,,,,0,"false",,100,0,5,0,"0x00000000",9,"false",,,,,,"false",250,,,0,,,,,,
"DecoData19",,0,0,0,,,-1,-1,100,"false",,0,,,,0,"false",,100,0,5,0,"0x00000000",9,"false",,,,,,"false",250,,,0,,,,,,
"WallDecoData",,0,0,0,,,-1,-1,100,"false",,0,,,,0,"false",,100,0,5,0,"0x00000000",9,"false",,,,,,"false",250,,,0,,,,,,
"Rush","tactics_book_rush.glb",8,90,90,"idle","tactics_book_rush_anim_idle.glb",-1,-1,100,"true",,0,,,,0,"false",,100,0,5,0,"0x00000000",9,"false","info_screen_tactic","info_screen_tactic","info_screen_tactic","card_button_tactic","card_button_wide_tactic","false",250,,,0,,,,,,
,,,,,,,,,,,,,,,,,,,,,,,,,,,,,,,,0,,,,,,,,,
"StarChest1","star_chest_1.glb",,,,"closed idle","star_chest_1_anim_closed_idle.glb",0,0,100,"true",,,,,,,,,,,,,,,,,,,,,,0,,,,,,,,,
,,,,,"closed starred idle","star_chest_1_anim_closed_starred_idle.glb",0,0,100,"true",,,,,,,,,,,,,,,,,,,,,,50,,,,,,,,,
,,,,,"open idle","star_chest_1_anim_open_idle.glb",0,0,100,"true",,,,,,,,,,,,,,,,,,,,,,50,,,,,,,,,
,,,,,"nudge","star_chest_1_anim_nudge.glb",-1,-1,100,"false",,,"Crash_Chest_Spin",,,,,,,,,,,,,,,,,,,50,,,,,,,,,
,,,,,"opening","star_chest_1_anim_open.glb",-1,-1,100,"false",,,,,,,,,,,,,,,,,,,,,,0,,,,,,,,,
"StarChest2","star_chest_2.glb",,,,"closed idle","star_chest_2_anim_closed_idle.glb",0,0,100,"true",,,,,,,,,,,,,,,,,,,,,,0,,,,,,,,,
,,,,,"closed starred idle","star_chest_2_anim_closed_starred_idle.glb",0,0,100,"true",,,,,,,,,,,,,,,,,,,,,,50,,,,,,,,,
,,,,,"open idle","star_chest_2_anim_open_idle.glb",0,0,100,"true",,,,,,,,,,,,,,,,,,,,,,50,,,,,,,,,
,,,,,"nudge","star_chest_2_anim_nudge.glb",-1,-1,100,"false",,,"Crash_Chest_Spin",,,,,,,,,,,,,,,,,,,50,,,,,,,,,
,,,,,"opening","star_chest_2_anim_open.glb",-1,-1,100,"false",,,,,,,,,,,,,,,,,,,,,,0,,,,,,,,,
"StarChest3","star_chest_3.glb",,,,"closed idle","star_chest_3_anim_closed_idle.glb",0,0,100,"true",,,,,,,,,,,,,,,,,,,,,,0,,,,,,,,,
,,,,,"closed starred idle","star_chest_3_anim_closed_starred_idle.glb",0,0,100,"true",,,,,,,,,,,,,,,,,,,,,,50,,,,,,,,,
,,,,,"open idle","star_chest_3_anim_open_idle.glb",0,0,100,"true",,,,,,,,,,,,,,,,,,,,,,50,,,,,,,,,
,,,,,"nudge","star_chest_3_anim_nudge.glb",-1,-1,100,"false",,,"Crash_Chest_Spin",,,,,,,,,,,,,,,,,,,50,,,,,,,,,
,,,,,"opening","star_chest_3_anim_open.glb",-1,-1,100,"false",,,,,,,,,,,,,,,,,,,,,,0,,,,,,,,,
"NodeChest","chest_3.glb",,,,"closed idle","star_chest_3_anim_closed_idle.glb",0,0,100,"true",,,,,,,,,,,,,,,,,,,,,,0,,"lidGeo, bottomGeo",,,,,,,
,,,,,"open idle","star_chest_3_anim_open_idle.glb",0,0,100,"true",,,,,,,,,,,,,,,,,,,,,,50,,,,,,,,,
,,,,,"nudge","star_chest_3_anim_nudge.glb",-1,-1,100,"false",,,"Crash_Chest_Spin",,,,,,,,,,,,,,,,,,,50,,,,,,,,,
,,,,,"opening","star_chest_3_anim_open.glb",-1,-1,100,"false",,,,,,,,,,,,,,,,,,,,,,0,,,,,,,,,
"LeagueChest","chest_1.glb",,,,"closed idle","star_chest_1_anim_closed_idle.glb",0,0,100,"true",,,,,,,,,,,,,,,,,,,,,,0,,,,,,,,,
,,,,,"open idle","star_chest_1_anim_open_idle.glb",0,0,100,"true",,,,,,,,,,,,,,,,,,,,,,50,,,,,,,,,
,,,,,"nudge","star_chest_1_anim_nudge.glb",-1,-1,100,"false",,,"Crash_Chest_Spin",,,,,,,,,,,,,,,,,,,50,,,,,,,,,
,,,,,"opening","star_chest_1_anim_open.glb",-1,-1,100,"false",,,,,,,,,,,,,,,,,,,,,,0,,,,,,,,,
"WagonChest","wagon_rig.glb",,,,"closed idle","wagon_anim_reward.glb",0,0,100,"true",,,,,,,,,,,,,,,,,,,,,,0,,,,,,,,,
,,,,,"nudge","wagon_anim_reward.glb",-1,-1,100,"false",,,"Crash_Chest_Spin",,,,,,,,,,,,,,,,,,,50,,,,,,,,,
,,,,,"opening","wagon_anim_reward.glb",-1,-1,100,"false",,,,,,,,,,,,,,,,,,,,,,50,,,,,,,,,
