Level,NodeAndName,Stage,Width,Height,combatValue,MaxDefenses,Wall,Defense1,Defense2,Defense3,Defense4,Defense5,Defense6,Boss,Troop1,Troop2,Troop3,Troop4,Spell1,Spell2,RandomSeed,WinReward,DropGold,MinDropElixir,MaxDropElixir,DropEnergyScroll,DropCap,DropCommon,DropRare,DropEpic,DropLegendary,Background,DropEnergy
String,String,int,int,int,int,int,int,String,String,String,String,String,String,String,String,String,String,String,String,String,int,String,int,int,int,int,int,int,int,int,int,String,int
1,1.1,1,3,3,220,7,,Cannon,GoldStorage,Cannon,,,,,Archer,Barbarian,Wizard,Prince,,,2,WinChestStart1,150,800,2000,10,0,0,0,0,0,GreenBeach,0
,,2,3,3,190,8,1,Cannon,GoldStorage,Cannon,,,,,,,,,,,4,WinChestStart1,150,800,2000,,0,0,0,0,0,,
,,3,3,3,200,7,1,Cannon,WizardTower,,,,,,,,,,,,5,WinChestStart2,150,800,2000,,0,0,0,0,0,,
2,1.2,1,3,3,220,6,,Cannon,GoldStorage,Cannon,,,,,Archer,Barbarian,Wizard,Prince,,,6,WinChestStart1,160,800,2000,10,0,0,0,0,0,GreenRegion,0
,,2,3,3,170,6,1,Cannon,WizardTower,GoldStorage,,,,,,,,,,,7,WinChestEnergy,160,800,2000,,0,0,0,0,0,,
,,3,3,3,170,6,1,Cannon,Cannon,WizardTower,,,,,,,,,,,8,WinChestStart2,160,800,2000,,0,0,0,0,0,,
3,1.3,1,3,3,248,6,,Cannon,ArcherTower,GoldStorage,,,,,Archer,Barbarian,Wizard,Prince,,,11,WinChestStart2,180,800,2000,10,0,0,0,0,0,GreenRegion,0
,,2,3,3,198,7,1,Cannon,ArcherTower,WizardTower,,,,,,,,,,,14,WinChestStart1,180,800,2000,,0,0,0,0,0,,
,,3,3,3,198,6,1,ArcherTower,WizardTower,,,,,,,,,,,,15,WinChestStart2,180,800,2000,,0,0,0,0,0,,
4,2.1,1,3,3,384,6,,ArcherTower,WizardTower,GoldStorage,,,,,Archer,Barbarian,Wizard,Prince,Fireball,,124,WinChestStart1,190,905,2045,10,7,9,0,0,0,GreenVariation1,0
,,2,3,3,334,8,1,WizardTower,GoldStorage,,,,,,,,,,,,125,WinChestStart1,190,905,2045,,7,9,0,0,0,,
,,3,,,334,7,1,Cannon,ArcherTower,,,,,,,,,,,,126,WinChestEnergy,190,905,2045,,7,9,0,0,0,,
5,2.2,1,3,3,424,8,,Cannon,WizardTower,,,,,,Archer,Barbarian,Wizard,Prince,Fireball,,155,WinChestStart1,200,905,2045,10,7,9,0,0,0,GreenVariation1,0
,,2,,,374,7,1,ArcherTower,WizardTower,GoldStorage,,,,,,,,,,,156,WinChestStart2,200,905,2045,,7,9,0,0,0,,
,,3,,,374,9,1,Cannon,WizardTower,,,,,,,,,,,,157,WinChestBattleToken,200,905,2045,,7,9,0,0,0,,
6,2.3,1,3,3,424,9,,Xbow,Cannon,GoldStorage,,,,,Archer,Barbarian,Wizard,Prince,Fireball,,186,WinChestCap,210,905,2045,10,7,9,0,0,0,GreenVariation1,0
,,2,,,374,10,1,ArcherTower,WizardTower,Xbow,,,,,,,,,,,187,WinChestBattleToken,210,905,2045,,7,9,0,0,0,,
,,3,,,374,9,1,ArcherTower,WizardTower,Xbow,,,,,,,,,,,188,WinChestStart2,210,905,2045,,7,9,0,0,0,,
7,2.4,1,4,4,1365,9,,,,,,,,Goblin,Archer,Barbarian,Wizard,Prince,Fireball,,217,WinChestStart2,220,905,2045,10,7,9,0,0,0,GreenVariation1,
8,3.1,1,3,3,424,10,,Cannon,Xbow,GoldStorage,,,,,Archer,Barbarian,Wizard,Giant,Fireball,,248,WinChestEnergy,210,941,2100,10,7,10,0,0,0,GreenVariation2,0
,,3,,,374,9,1,Cannon,Xbow,GoldStorage,,,,,,,,,,,249,WinChestStart1,210,941,2100,,7,10,0,0,0,,
,,2,,,374,10,1,Cannon,GoldStorage,Xbow,,,,,,,,,,,250,WinChestStart2,210,941,2100,,7,10,0,0,0,,
9,3.2,1,3,4,441,8,,Cannon,WizardTower,GoldStorage,,,,,Prince,Barbarian,Wizard,Giant,Fireball,,279,WinChestStart2,210,941,2100,10,7,10,0,0,0,GreenVariation2,0
,,2,,,414,8,1,WizardTower,WizardTower,Xbow,,,,,,,,,,,280,WinChestEnergy,210,941,2100,,7,10,0,0,0,,
,,3,,,438,7,1,Xbow,WizardTower,Cannon,,,,,,,,,,,281,WinChestStart2,210,941,2100,,7,10,0,0,0,,
10,3.3,1,3,4,494,10,,WizardTower,ArcherTower,Cannon,,,,,Archer,Prince,Wizard,Giant,Fireball,,310,WinChestStart1,210,941,2100,10,7,10,0,0,0,GreenVariation2,0
,,2,,,470,9,1,WizardTower,Xbow,Cannon,,,,,,,,,,,311,WinChestBattleToken,210,941,2100,,7,10,0,0,0,,
,,3,,,470,8,1,WizardTower,ArcherTower,Xbow,,,,,,,,,,,312,WinChestStart2,210,941,2100,,7,10,0,0,0,,
11,3.4,1,4,4,800,11,,GoldStorage,Xbow,Cannon,,,,,Archer,Barbarian,Prince,Giant,Fireball,,341,WinChest2Region1,210,941,2100,10,7,10,0,0,0,GreenVariation2,0
,,2,4,4,750,10,1,Xbow,Cannon,ArcherTower,,,,,,,,,,,342,WinChest2Region1,210,941,2100,,7,10,0,0,0,,
12,4.1,1,4,4,584,11,,ArcherTower,WizardTower,GoldStorage,ArcherTower,,,,Giant,Wizard,Prince,Archer,Fireball,Step,372,WinChest1Region1,230,1010,2202,10,8,10,0,0,0,GreenVariation3,0
,,2,,,584,10,,WizardTower,ArcherTower,Xbow,GoldStorage,,,,,,,,,,373,WinChest1Region1,230,1010,2202,,8,10,0,0,0,,
,,3,,,584,9,,Cannon,WizardTower,Cannon,,,,,,,,,,,374,WinChest1Region1,230,1010,2202,,8,10,0,0,0,,
13,4.2,1,3,4,616,7,,GoldStorage,WizardTower,ArcherTower,ArcherTower,,,,Archer,Barbarian,Prince,Wizard,Fireball,Step,403,WinChest1Region1,230,1010,2202,10,8,10,0,0,0,GreenVariation3,0
,,2,,,648,7,,Cannon,ArcherTower,ArcherTower,,,,,,,,,,,404,WinChest1Region1,230,1010,2202,,8,10,0,0,0,,
,,3,,,648,9,,Cannon,ArcherTower,ArcherTower,,,,,,,,,,,405,WinChest1Region1,230,1010,2202,,8,10,0,0,0,,
14,4.3,1,4,4,680,12,,WizardTower,Cannon,GoldStorage,WizardTower,,,,Giant,Barbarian,Prince,Wizard,Fireball,Step,434,WinChest1Region1,230,1010,2202,10,8,10,0,0,0,GreenVariation3,0
,,2,,,680,10,,WizardTower,GoldStorage,WizardTower,ArcherTower,,,,,,,,,,435,WinChest1Region1,230,1010,2202,,8,10,0,0,0,,
,,3,,,680,9,,WizardTower,WizardTower,Cannon,,,,,,,,,,,436,WinChest1Region1,230,1010,2202,,8,10,0,0,0,,0
15,4.4,1,4,4,648,10,,ArcherTower,Cannon,Cannon,,,,,Giant,Barbarian,Archer,Wizard,Fireball,Step,,WinChest1Region1,230,1010,2202,10,8,10,0,0,0,GreenVariation2,
,,2,,,648,9,,Xbow,WizardTower,ArcherTower,,,,,,,,,,,,WinChest1Region1,230,1010,2202,,8,10,0,0,0,,
,,3,,,648,11,,ArcherTower,WizardTower,Cannon,,,,,,,,,,,,WinChest1Region1,230,1010,2202,,8,10,0,0,0,,
16,4.5,1,4,4,940,10,,Xbow,Cannon,ArcherTower,GoldStorage,,,,Giant,Barbarian,Wizard,Archer,Fireball,Step,465,WinChest2Region1,230,1010,2202,10,8,10,0,0,0,GreenVariation3,
,,2,,,1032,11,,Xbow,WizardTower,GoldStorage,,,,,,,,,,,466,WinChest2Region1,230,1010,2202,,8,10,0,0,0,,
17,5.1,1,4,4,648,12,,Xbow,ArcherTower,WizardTower,,,,,Archer,Barbarian,Prince,Giant,Fireball,Step,2,WinChest1Region1,250,1059,2276,10,8,10,2,0,0,GreenVariation3,0
,,2,,,598,10,1,Xbow,ArcherTower,Cannon,,,,,,,,,,,2,WinChest1Region1,250,1059,2276,,8,10,2,0,0,,0
,,3,,,598,9,1,Xbow,WizardTower,Cannon,,,,,,,,,,,498,WinChest1Region1,250,1059,2276,,8,10,2,0,0,,
18,5.2,1,4,4,712,11,,Xbow,Cannon,,,,,,Giant,Barbarian,Prince,Wizard,Fireball,Step,527,WinChest1Region1,250,1059,2276,10,8,10,2,0,0,GreenVariation4,
,,2,,,662,9,1,Xbow,ArcherTower,,,,,,,,,,,,528,WinChest1Region1,250,1059,2276,,8,10,2,0,0,,0
,,3,,,662,11,1,Cannon,ArcherTower,Cannon,,,,,,,,,,,529,WinChest1Region1,250,1059,2276,,8,10,2,0,0,,
19,5.3,1,4,4,1177,10,,WizardTower,Cannon,Xbow,ArcherTower,,,,Archer,Barbarian,Giant,Wizard,Fireball,Step,558,WinChest2Region1,250,1059,2276,10,8,10,2,0,0,GreenVariation4,
,,2,,,1127,12,1,WizardTower,Cannon,Xbow,ArcherTower,,,,,,,,,,559,WinChest2Region1,250,1059,2276,,8,10,2,0,0,,0
20,5.4,1,3,4,806,9,,GoldStorage,WizardTower,Xbow,ArcherTower,,,,Archer,Barbarian,Prince,Wizard,Fireball,Step,589,WinChest1Region1,250,1059,2276,10,8,10,2,0,0,GreenVariation4,
,,2,,,798,7,1,WizardTower,ArcherTower,GoldStorage,ArcherTower,,,,,,,,,,590,WinChest1Region1,250,1059,2276,,8,10,2,0,0,,
,,3,,,798,9,1,WizardTower,Cannon,Xbow,ArcherTower,,,,,,,,,,591,WinChest1Region1,250,1059,2276,,8,10,2,0,0,,0
21,5.5,1,4,4,2449,12,1,WizardTower,Cannon,Xbow,ArcherTower,,,,Giant,Archer,Prince,Wizard,Fireball,Step,620,WinChest3Region1,250,1059,2276,10,8,10,2,0,0,GreenVariation4,
22,6.1,1,4,4,812,11,,Xbow,WizardTower,Xbow,GoldStorage,,,,Prince,Barbarian,Wizard,Archer,Fireball,Charge,4,WinChest1Region1,260,1122,2370,10,8,10,2,0,0,GreenRegion,0
,,2,,,762,10,1,Xbow,ArcherTower,GoldStorage,,,,,,,,,,,652,WinChest1Region1,260,1122,2370,,8,10,2,0,0,,
,,3,,,762,12,1,WizardTower,Cannon,GoldStorage,,,,,,,,,,,653,WinChest1Region1,260,1122,2370,,8,10,2,0,0,,
23,6.2,1,4,4,848,10,,Xbow,ArcherTower,Cannon,GoldStorage,,,,Giant,Prince,Wizard,Archer,Fireball,Charge,5,WinChest1Region1,260,1122,2370,10,8,10,2,0,0,GreenRegion,0
,,2,,,798,9,1,Xbow,ArcherTower,WizardTower,GoldStorage,,,,,,,,,,683,WinChest1Region1,260,1122,2370,,8,10,2,0,0,,
,,3,,,798,11,1,Xbow,WizardTower,Cannon,,,,,,,,,,,3,WinChest1Region1,260,1122,2370,,8,10,2,0,0,,
24,6.3,1,3,4,836,8,,Xbow,Cannon,ArcherTower,GoldStorage,,,,Giant,Barbarian,Prince,Wizard,Fireball,Charge,713,WinChest1Region1,260,1122,2370,10,8,10,2,0,0,GreenRegion,0
,,2,,,866,8,1,Xbow,Cannon,ArcherTower,GoldStorage,,,,,,,,,,714,WinChest1Region1,260,1122,2370,,8,10,2,0,0,,
,,3,,,830,7,1,ArcherTower,Xbow,GoldStorage,,,,,,,,,,,715,WinChest1Region1,260,1122,2370,,8,10,2,0,0,,
25,6.4,1,4,4,952,10,,Xbow,Cannon,Cannon,,,,,Prince,Barbarian,Wizard,Archer,Fireball,Charge,744,WinChest1Region1,260,1122,2370,10,8,10,2,0,0,GreenRegion,0
,,2,,,902,9,1,ArcherTower,Cannon,GoldStorage,,,,,,,,,,,745,WinChest1Region1,260,1122,2370,,8,10,2,0,0,,
,,3,,,938,10,1,WizardTower,Xbow,GoldStorage,GoldStorage,,,,,,,,,,746,WinChest1Region1,260,1122,2370,,8,10,2,0,0,,
26,6.5,1,4,4,2722,11,1,WizardTower,Xbow,ArcherTower,,,,,Prince,Giant,Barbarian,Wizard,Fireball,Charge,775,WinChestCommonItem,260,1122,2370,10,8,10,2,0,0,GreenRegion,0
27,7.1,1,3,4,741,9,,Mortar,Cannon,ArcherTower,GoldStorage,,,,Giant,Goblin,Prince,Archer,Fireball,Step,806,WinChest1Region1,260,1106,2347,10,8,10,2,0,0,GreenVariation1,0
,,2,,,730,7,1,Mortar,Cannon,Xbow,GoldStorage,GoldStorage,,,,,,,,,807,WinChest1Region1,260,1106,2347,,8,10,2,0,0,,
,,3,,,730,9,1,Mortar,Cannon,ArcherTower,Xbow,,,,,,,,,,808,WinChest1Region1,260,1106,2347,,8,10,2,0,0,,
28,7.2,1,4,4,848,10,,Mortar,Cannon,Xbow,GoldStorage,,,,Giant,Goblin,Barbarian,Archer,Fireball,Step,837,WinChest1Region1,260,1106,2347,10,8,10,2,0,0,GreenVariation1,0
,,2,,,798,9,1,WizardTower,Cannon,ArcherTower,GoldStorage,,,,,,,,,,838,WinChest1Region1,260,1106,2347,,8,10,2,0,0,,
,,3,,,798,11,1,Mortar,Cannon,ArcherTower,WizardTower,,,,,,,,,,839,WinChest1Region1,260,1106,2347,,8,10,2,0,0,,
29,7.3,1,3,4,836,8,,WizardTower,Cannon,ArcherTower,GoldStorage,GoldStorage,,,Giant,Goblin,Prince,Wizard,Fireball,Charge,868,WinChest1Region1,260,1106,2347,10,8,10,2,0,0,GreenVariation1,0
,,2,,,830,8,1,Mortar,Cannon,WizardTower,GoldStorage,,,,,,,,,,869,WinChest1Region1,260,1106,2347,,8,10,2,0,0,,
,,3,,,866,10,1,Mortar,Cannon,ArcherTower,Xbow,,,,,,,,,,870,WinChest1Region1,260,1106,2347,,8,10,2,0,0,,
30,7.4,1,4,4,880,11,,Cannon,Cannon,Xbow,GoldStorage,,,,Prince,Goblin,Wizard,Barbarian,Fireball,Charge,,WinChest1Region1,260,1106,2347,10,8,10,2,0,0,GreenVariation4,
,,2,,,866,9,1,Mortar,Xbow,GoldStorage,WizardTower,,,,,,,,,,,WinChest1Region1,260,1106,2347,,8,10,2,0,0,,
,,3,,,830,9,1,Mortar,GoldStorage,Cannon,WizardTower,,,,,,,,,,,WinChest1Region1,260,1106,2347,,8,10,2,0,0,,
31,7.5,1,4,4,2355,10,1,Mortar,Cannon,ArcherTower,GoldStorage,Xbow,,,Giant,Goblin,Barbarian,Archer,Fireball,Step,5,WinChest3Region1,260,1106,2347,10,8,10,2,0,0,GreenVariation1,0
32,8.1,1,3,4,889,10,1,Mortar,ArcherTower,GoldStorage,,,,,Giant,Goblin,Prince,Wizard,Fireball,Step,930,WinChest1Region1,280,1197,2484,10,8,10,2,0,0,GreenVariation2,0
,,2,,,938,10,1,Xbow,Cannon,Mortar,Xbow,,,,,,,,,,931,WinChest1Region1,280,1197,2484,,8,10,2,0,0,,
,,3,,,938,8,1,WizardTower,Mortar,ArcherTower,Mortar,,,,,,,,,,932,WinChest1Region1,280,1197,2484,,8,10,2,0,0,,
33,8.2,1,3,4,1037,9,,Mortar,WizardTower,Cannon,GoldStorage,,,,Goblin,Wizard,Barbarian,Prince,Fireball,Step,961,WinChest1Region1,280,1197,2484,10,8,10,2,0,0,GreenVariation2,0
,,2,,,1042,9,1,Cannon,WizardTower,ArcherTower,GoldStorage,,,,,,,,,,962,WinChestCommonItem,280,1197,2484,,8,10,2,0,0,,
,,3,,,1042,8,1,Mortar,Xbow,ArcherTower,GoldStorage,,,,,,,,,,963,WinChest1Region1,280,1197,2484,,8,10,2,0,0,,
34,8.3,1,3,4,1003,9,,Mortar,Cannon,ArcherTower,GoldStorage,,,,Goblin,Wizard,Giant,Archer,Fireball,Charge,992,WinChest1Region1,280,1197,2484,10,8,10,2,0,0,GreenVariation2,0
,,2,,,1006,10,1,Mortar,WizardTower,Cannon,GoldStorage,,,,,,,,,,993,WinChest1Region1,280,1197,2484,,8,10,2,0,0,,
,,3,,,1006,9,1,Xbow,Mortar,Cannon,Xbow,,,,,,,,,,994,WinChest1Region1,280,1197,2484,,8,10,2,0,0,,0
35,8.4,1,4,4,1092,9,,Cannon,WizardTower,GoldStorage,Xbow,,,,Goblin,Wizard,Giant,Barbarian,Fireball,Charge,,WinChest1Region1,280,1197,2484,10,8,10,2,0,0,GreenVariation4,
,,2,,,1042,11,1,Mortar,WizardTower,GoldStorage,ArcherTower,,,,,,,,,,,WinChest1Region1,280,1197,2484,,8,10,2,0,0,,
,,3,,,1042,10,1,Cannon,Xbow,WizardTower,ArcherTower,,,,,,,,,,,WinChest1Region1,280,1197,2484,,8,10,2,0,0,,
36,8.5,1,4,4,1586,10,1,Mortar,Cannon,ArcherTower,GoldStorage,WizardTower,,,Giant,Goblin,Prince,Archer,Fireball,Step,1023,WinChest2Region1,280,1197,2484,10,8,10,2,1,0,GreenVariation2,0
,,2,4,4,1644,11,1,Mortar,Cannon,ArcherTower,GoldStorage,Mortar,,,,,,,,,1024,WinChest2Region1,280,1197,2484,,8,10,2,1,0,,0
37,9.1,1,3,4,1060,8,1,Mortar,Cannon,GoldStorage,,,,,Goblin,Wizard,Giant,Prince,Fireball,Step,1054,WinChest1Region1,300,1271,2593,10,8,11,2,1,0,GreenVariation3,
,,2,,,1118,9,1,Mortar,ArcherTower,GoldStorage,,,,,,,,,,,1055,WinChest1Region1,300,1271,2593,,8,11,2,1,0,,
,,3,,,1118,8,1,Mortar,Cannon,WizardTower,,,,,,,,,,,1056,WinChest1Region1,300,1271,2593,,8,11,2,1,0,,0
38,9.2,1,3,4,1178,9,,Mortar,ArcherTower,GoldStorage,,,,,Wizard,Prince,Giant,Goblin,Fireball,Charge,1085,WinChest1Region1,300,1271,2593,10,8,11,2,1,0,GreenVariation3,
,,2,,,1190,8,1,Xbow,Cannon,GoldStorage,,,,,,,,,,,1086,WinChest1Region1,300,1271,2593,,8,11,2,1,0,,
,,3,,,1226,9,1,Mortar,WizardTower,,,,,,,,,,,,1087,WinChest1Region1,300,1271,2593,,8,11,2,1,0,,0
39,9.3,1,4,4,1850,10,,Mortar,WizardTower,ArcherTower,GoldStorage,,,,Goblin,Prince,Archer,Wizard,Fireball,Step,1116,WinChest2Region1,300,1271,2593,10,8,11,2,1,0,GreenVariation3,
,,2,4,4,1800,12,1,Mortar,Cannon,Xbow,,,,,,,,,,,1117,WinChest2Region1,300,1271,2593,,8,11,2,1,0,,
40,9.4,1,4,4,3016,12,1,Mortar,Cannon,WizardTower,GoldStorage,,,,Goblin,Archer,Giant,Prince,Fireball,Step,3,WinChest3Region1,300,1271,2593,10,8,11,2,1,0,GreenVariation3,0
41,9.5,1,4,4,3738,10,,,,,,,,Goblin2,Barbarian,Archer,Giant,Prince,Fireball,Charge,1178,WinChest3Region1,300,1271,2593,10,8,11,2,1,0,GreenVariation3,
42,10.1,1,3,4,1144,9,,Inferno,Xbow,ArcherTower,GoldStorage,ArcherTower,,,Goblin,Wizard,Giant,Prince,Fireball,Step,1209,WinChest1Region2,310,1285,2615,10,8,11,2,1,0,LavaRegion,0
,,2,3,4,1074,7,2,WizardTower,Inferno,ArcherTower,GoldStorage,WizardTower,,,,,,,,,1210,WinChest1Region2,310,1285,2615,,8,11,2,1,0,,
,,3,3,4,1074,9,2,WizardTower,Xbow,Xbow,Inferno,GoldStorage,Xbow,,,,,,,,1211,WinChest1Region2,310,1285,2615,,8,11,2,1,0,,
43,10.2,1,3,4,1212,9,,Inferno,Cannon,GoldStorage,Mortar,Cannon,,,Wizard,Archer,Giant,Barbarian,Fireball,Step,1240,WinChest1Region2,310,1285,2615,10,8,11,2,1,0,LavaRegion,0
,,2,3,4,1142,8,2,WizardTower,Cannon,Cannon,WizardTower,GoldStorage,,,,,,,,,1241,WinChest1Region2,310,1285,2615,,8,11,2,1,0,,
,,3,3,4,1142,10,2,WizardTower,Inferno,Mortar,Cannon,,,,,,,,,,1242,WinChest1Region2,310,1285,2615,,8,11,2,1,0,,0
44,10.3,1,3,4,1178,9,,GoldStorage,GoldStorage,Xbow,ArcherTower,Inferno,,,Goblin,Prince,Giant,Barbarian,Fireball,Charge,1271,WinChest1Region2,310,1285,2615,10,8,11,2,1,0,LavaRegion,0
,,2,3,4,1108,8,2,GoldStorage,Xbow,Cannon,Inferno,,,,,,,,,,1272,WinChest1Region2,310,1285,2615,,8,11,2,1,0,,
,,3,3,4,1108,10,2,Xbow,ArcherTower,ArcherTower,Inferno,,,,,,,,,,1273,WinChest1Region2,310,1285,2615,,8,11,2,1,0,,
45,10.4,1,3,4,1353,9,,Mortar,Mortar,ArcherTower,Inferno,Cannon,,,Wizard,Prince,Giant,Goblin,Fireball,Step,1302,WinChest1Region2,310,1285,2615,10,8,11,2,1,0,LavaRegion,0
,,2,3,4,1283,8,2,Mortar,Cannon,ArcherTower,Inferno,Cannon,,,,,,,,,1303,WinChest1Region2,310,1285,2615,,8,11,2,1,0,,
,,3,3,4,1283,10,2,Inferno,Xbow,Cannon,Mortar,,,,,,,,,,1304,WinChest1Region2,310,1285,2615,,8,11,2,1,0,,
46,10.5,1,4,4,3773,11,2,WizardTower,Mortar,Cannon,ArcherTower,Inferno,,,Wizard,Prince,Archer,Barbarian,Fireball,Step,1333,WinChest3Region2,310,1285,2615,10,8,11,2,1,0,LavaRegion,0
47,11.1,1,4,4,1352,10,,Mortar,Cannon,WizardTower,GoldStorage,,,,Archer,Barbarian,Wizard,Prince,Rocket,Step,1364,WinChest1Region2,320,1342,2700,10,8,11,2,1,0,LavaRegion,0
,,2,4,4,1352,12,,Mortar,Cannon,WizardTower,Xbow,Mortar,,,,,,,,,1365,WinChest1Region2,320,1342,2700,,8,11,2,1,0,,
,,3,4,4,1352,10,,Mortar,Cannon,WizardTower,Mortar,,,,,,,,,,1366,WinChest1Region2,320,1342,2700,,8,11,2,1,0,,
48,11.2,1,4,4,1388,9,,WizardTower,Xbow,ArcherTower,GoldStorage,,,,Barbarian,Giant,Archer,Wizard,Rocket,Step,1395,WinChest1Region2,320,1342,2700,10,8,11,2,1,0,LavaRegion,
,,2,4,4,1388,11,,Mortar,Cannon,WizardTower,Cannon,,,,,,,,,,1396,WinChest1Region2,320,1342,2700,,8,11,2,1,0,,0
,,3,4,4,1388,10,,WizardTower,Cannon,GoldStorage,Xbow,Mortar,,,,,,,,,1397,WinChest1Region2,320,1342,2700,,8,11,2,1,0,,0
49,11.3,1,3,4,1425,8,,WizardTower,Cannon,GoldStorage,Mortar,,,,Wizard,Prince,Giant,Barbarian,Fireball,Charge,1426,WinChest1Region2,320,1342,2700,10,8,11,2,1,0,LavaRegion,0
,,2,3,4,1425,10,,WizardTower,Cannon,GoldStorage,Xbow,,,,,,,,,,1427,WinChest1Region2,320,1342,2700,,8,11,2,1,0,,
,,3,3,4,1425,8,,WizardTower,Cannon,Mortar,WizardTower,,,,,,,,,,1428,WinChest1Region2,320,1342,2700,,8,11,2,1,0,,
50,11.4,1,4,4,2233,13,,ArcherTower,Cannon,GoldStorage,WizardTower,,,,Barbarian,Prince,Archer,Wizard,Fireball,Step,1457,WinChest2Region2,320,1342,2700,10,8,11,2,1,0,LavaRegion,0
,,2,4,4,2233,11,,WizardTower,Xbow,GoldStorage,Cannon,,,,,,,,,,1458,WinChest2Region2,320,1342,2700,,8,11,2,1,0,,
51,12.1,1,4,4,1500,11,,WizardTower,Mortar,Cannon,ArcherTower,Inferno,,,Giant,Archer,Prince,Wizard,Rocket,Step,1488,WinChest1Region2,340,1398,2784,10,8,11,2,1,0,LavaRegion,0
,,2,4,4,1430,10,2,WizardTower,Xbow,Cannon,ArcherTower,Inferno,,,,,,,,,1489,WinChest1Region2,340,1398,2784,,8,11,2,1,0,,0
,,3,4,4,1430,9,2,Mortar,Cannon,WizardTower,Inferno,,,,,,,,,,1490,WinChest1Region2,340,1398,2784,,8,11,2,1,0,,
52,12.2,1,4,4,1576,11,,Xbow,Cannon,Inferno,Cannon,,,,Wizard,Prince,Giant,Barbarian,Rocket,Step,1519,WinChest1Region2,340,1398,2784,10,8,11,2,1,0,LavaRegion,
,,2,4,4,1506,10,2,Xbow,ArcherTower,Inferno,ArcherTower,,,,,,,,,,1520,WinChest1Region2,340,1398,2784,,8,11,2,1,0,,0
,,3,4,4,1506,9,2,Cannon,ArcherTower,Cannon,,,,,,,,,,,1521,WinChest1Region2,340,1398,2784,,8,11,2,1,0,,
53,12.3,1,4,4,1424,12,,WizardTower,Xbow,ArcherTower,GoldStorage,,,,Giant,Barbarian,Archer,Goblin,Rocket,Charge,1550,WinChest1Region2,340,1398,2784,10,8,11,2,1,0,LavaRegion,
,,2,4,4,1354,10,2,WizardTower,Cannon,GoldStorage,Inferno,,,,,,,,,,1551,WinChest1Region2,340,1398,2784,,8,11,2,1,0,,0
,,3,4,4,1354,9,2,Mortar,ArcherTower,GoldStorage,,,,,,,,,,,1552,WinChest1Region2,340,1398,2784,,8,11,2,1,0,,
54,12.4,1,4,4,2343,9,,Mortar,Cannon,WizardTower,,,,,Giant,Barbarian,Wizard,Archer,Rocket,Step,1581,WinChest2Region2,340,1398,2784,10,8,11,2,1,0,LavaRegion,
,,2,4,4,2273,12,2,Mortar,ArcherTower,GoldStorage,Inferno,,,,,,,,,,1582,WinChest2Region2,340,1398,2784,,8,11,2,1,0,,0
55,12.5,1,4,4,4277,11,2,,,,,,,LavaGolemEscape,Goblin,Wizard,Giant,Prince,Fireball,Step,1612,WinChest3Region2,340,1398,2784,10,8,11,2,1,0,LavaRegion,
56,13.1,1,4,4,1540,9,,WizardTower,Xbow,ArcherTower,,,,,Archer,Barbarian,Wizard,Prince,Rocket,Retreat,1643,WinChest1Region2,340,1412,2805,10,9,11,2,1,0,LavaRegion,0
,,2,4,4,1470,11,2,WizardTower,Cannon,Inferno,Cannon,,,,,,,,,,1644,WinChest1Region2,340,1412,2805,,9,11,2,1,0,,
,,3,4,4,1470,9,2,WizardTower,Xbow,ArcherTower,GoldStorage,,,,,,,,,,1645,WinChest1Region2,340,1412,2805,,9,11,2,1,0,,
57,13.2,1,4,4,1576,11,,Xbow,ArcherTower,GoldStorage,Cannon,Inferno,,,Giant,Prince,Goblin,Archer,Rocket,Retreat,1674,WinChest1Region2,340,1412,2805,10,9,11,2,1,0,LavaRegion,0
,,2,4,4,1506,10,2,Xbow,ArcherTower,Cannon,Cannon,,,,,,,,,,1675,WinChest1Region2,340,1412,2805,,9,11,2,1,0,,
,,3,4,4,1506,9,2,WizardTower,Mortar,Mortar,GoldStorage,,,,,,,,,,1676,WinChest1Region2,340,1412,2805,,9,11,2,1,0,,
58,13.3,1,4,4,2175,11,,WizardTower,Mortar,Mortar,GoldStorage,,,,Prince,Goblin,Wizard,Archer,Fireball,Retreat,1705,WinChest2Region2,340,1412,2805,10,9,11,2,1,0,LavaRegion,0
,,2,4,4,2105,9,2,Inferno,Xbow,ArcherTower,GoldStorage,,,,,,,,,,1706,WinChest2Region2,340,1412,2805,,9,11,2,1,0,,
59,13.4,1,4,4,2343,9,,Mortar,Xbow,ArcherTower,GoldStorage,,,,Prince,Goblin,Archer,Wizard,Rocket,Retreat,1736,WinChest2Region2,340,1412,2805,10,9,11,2,1,0,LavaRegion,0
,,2,4,4,2273,12,2,Mortar,Xbow,ArcherTower,Inferno,,,,,,,,,,1737,WinChest2Region2,340,1412,2805,,9,11,2,1,0,,
60,13.5,1,4,4,4277,11,2,WizardTower,Mortar,Mortar,GoldStorage,,,,Giant,Barbarian,Archer,Wizard,Rocket,Retreat,1767,WinChest3Region2,340,1412,2805,10,9,11,2,1,0,LavaRegion,0
61,14.1,1,4,4,1692,8,,WizardTower,Mortar,Mortar,,,,,Giant,Barbarian,Prince,Goblin,Fireball,Retreat,1798,WinChest1Region2,350,1466,2887,10,9,11,2,1,0,LavaRegion,0
,,2,4,4,1622,11,2,WizardTower,Inferno,ArcherTower,GoldStorage,,,,,,,,,,1799,WinChest1Region2,350,1466,2887,,9,11,2,1,0,,
,,3,4,4,1622,9,2,WizardTower,Xbow,Mortar,Inferno,,,,,,,,,,1800,WinChest1Region2,350,1466,2887,,9,11,2,1,0,,
62,14.2,1,4,4,1616,9,,WizardTower,Xbow,ArcherTower,GoldStorage,,,,Giant,Barbarian,Archer,Goblin,Rocket,Retreat,1829,WinChest1Region2,350,1466,2887,10,9,11,2,1,0,LavaRegion,0
,,2,4,4,1546,11,2,Mortar,Xbow,Inferno,GoldStorage,,,,,,,,,,1830,WinChest1Region2,350,1466,2887,,9,11,2,1,0,,
,,3,4,4,1546,9,2,WizardTower,Mortar,Mortar,Inferno,,,,,,,,,,1831,WinChest1Region2,350,1466,2887,,9,11,2,1,0,,
63,14.3,1,3,4,1683,10,,ArcherTower,Cannon,GoldStorage,Inferno,,,,Archer,Barbarian,Wizard,Prince,Rocket,Charge,1860,WinChest1Region2,350,1466,2887,10,9,11,2,1,0,LavaRegion,0
,,2,3,4,1613,8,2,WizardTower,Xbow,GoldStorage,Mortar,,,,,,,,,,1861,WinChest1Region2,350,1466,2887,,9,11,2,1,0,,
,,3,3,4,1613,7,2,WizardTower,Xbow,ArcherTower,Inferno,,,,,,,,,,1862,WinChest1Region2,350,1466,2887,,9,11,2,1,0,,
64,14.4,1,4,4,2680,11,,Xbow,Cannon,ArcherTower,Mortar,,,,Wizard,Prince,Giant,Barbarian,Fireball,Retreat,1891,WinChest2Region2,350,1466,2887,10,9,11,2,1,0,LavaRegion,0
,,2,4,4,2610,10,2,Xbow,ArcherTower,Inferno,Cannon,,,,,,,,,,1892,WinChest2Region2,350,1466,2887,,9,11,2,1,0,,
65,14.5,1,4,4,4886,11,2,Cannon,ArcherTower,Cannon,GoldStorage,Mortar,,,Giant,Wizard,Goblin,Barbarian,Rocket,Retreat,1922,WinChest3Region2,350,1466,2887,10,9,11,2,1,0,LavaRegion,0
66,15.1,1,4,4,1656,9,,ArcherTower,Cannon,WizardTower,GoldStorage,,,,Giant,Barbarian,Archer,Goblin,Fireball,Step,1953,WinChest1Region2,350,1453,2867,10,9,11,2,1,0,LavaRegion,0
,,2,4,4,1656,11,,ArcherTower,Cannon,GoldStorage,Mortar,,,,,,,,,,1954,WinChest1Region2,350,1453,2867,,9,11,2,1,0,,
,,3,4,4,1656,10,,ArcherTower,Cannon,Xbow,Mortar,GoldStorage,,,,,,,,,1955,WinChest1Region2,350,1453,2867,,9,11,2,1,0,,
67,15.2,1,3,4,1607,10,,WizardTower,Xbow,ArcherTower,GoldStorage,,,,Prince,Goblin,Wizard,Archer,Fireball,Charge,1984,WinChest1Region2,350,1453,2867,10,9,11,2,1,0,LavaRegion,0
,,2,3,4,1607,8,,WizardTower,Xbow,ArcherTower,Mortar,,,,,,,,,,1985,WinChest1Region2,350,1453,2867,,9,11,2,1,0,,
,,3,3,4,1645,9,,WizardTower,Xbow,ArcherTower,Mortar,GoldStorage,,,,,,,,,1986,WinChest1Region2,350,1453,2867,,9,11,2,1,0,,0
68,15.3,1,4,4,2511,12,,WizardTower,Xbow,ArcherTower,Mortar,GoldStorage,Cannon,,Archer,Goblin,Barbarian,Giant,Rocket,Step,2015,WinChest2Region2,350,1453,2867,10,9,11,2,1,0,LavaRegion,0
,,2,4,4,2511,10,,WizardTower,Xbow,ArcherTower,Mortar,GoldStorage,Cannon,,,,,,,,2016,WinChest2Region2,350,1453,2867,,9,11,2,1,0,,
69,15.4,1,4,4,4652,12,,ArcherTower,Cannon,Xbow,Mortar,GoldStorage,,,Giant,Barbarian,Prince,Goblin,Rocket,Step,2046,WinChest3Region2,350,1453,2867,10,9,11,2,1,0,LavaRegion,0
70,16.1,1,4,4,1656,9,,WizardTower,Xbow,ArcherTower,GoldStorage,Inferno,,,Pekka,Goblin,Wizard,Archer,Fireball,Step,2077,WinChest1Region2,350,1453,2867,10,9,11,2,1,0,LavaRegion,0
,,2,4,4,1586,11,2,ArcherTower,Cannon,Xbow,Mortar,GoldStorage,Inferno,,,,,,,,2078,WinChest1Region2,350,1453,2867,,9,11,2,1,0,,
,,3,4,4,1586,10,2,ArcherTower,Cannon,Xbow,Mortar,WizardTower,Inferno,,,,,,,,2079,WinChest1Region2,350,1453,2867,,9,11,2,1,0,,
71,16.2,1,4,4,1732,9,,Inferno,Cannon,Xbow,Mortar,WizardTower,GoldStorage,,Pekka,Archer,Goblin,Wizard,Rocket,Step,2108,WinChest1Region2,350,1453,2867,10,9,11,2,1,0,LavaRegion,0
,,2,4,4,1662,11,2,ArcherTower,Inferno,Xbow,Mortar,WizardTower,GoldStorage,,,,,,,,2109,WinChest1Region2,350,1453,2867,,9,11,2,1,0,,
,,3,4,4,1662,10,2,ArcherTower,Cannon,Xbow,Mortar,WizardTower,,,,,,,,,2110,WinChest1Region2,350,1453,2867,,9,11,2,1,0,,
72,16.3,1,3,4,1683,10,,ArcherTower,Cannon,Xbow,Mortar,WizardTower,,,Pekka,Archer,Prince,Barbarian,Rocket,Charge,2139,WinChest1Region2,350,1453,2867,10,9,11,2,1,0,LavaRegion,0
,,2,3,4,1613,8,2,ArcherTower,Cannon,Inferno,Mortar,WizardTower,,,,,,,,,2140,WinChest1Region2,350,1453,2867,,9,11,2,1,0,,
,,3,3,4,1613,7,2,ArcherTower,Cannon,Xbow,Mortar,Inferno,,,,,,,,,2141,WinChest1Region2,350,1453,2867,,9,11,2,1,0,,
73,16.4,1,4,4,2511,12,,ArcherTower,Cannon,Xbow,Inferno,WizardTower,GoldStorage,,Giant,Pekka,Goblin,Wizard,Fireball,Step,2170,WinChest2Region2,350,1453,2867,10,9,11,2,1,0,LavaRegion,0
,,2,4,4,2441,10,2,ArcherTower,Cannon,Inferno,Mortar,WizardTower,GoldStorage,,,,,,,,2171,WinChest2Region2,350,1453,2867,,9,11,2,1,0,,
74,16.5,1,4,4,2622,9,,ArcherTower,Cannon,Xbow,Inferno,WizardTower,,,Pekka,Barbarian,Archer,Wizard,Rocket,Charge,2201,WinChest2Region2,350,1453,2867,10,9,11,2,1,0,LavaRegion,0
,,2,4,4,2552,12,2,ArcherTower,Cannon,Inferno,Mortar,WizardTower,,,,,,,,,2202,WinChest2Region2,350,1453,2867,,9,11,2,1,0,,
75,16.6,1,4,4,4781,14,2,ArcherTower,Inferno,Xbow,GoldStorage,WizardTower,,,Pekka,Prince,Archer,Wizard,Rocket,Step,2232,WinChest3Region2,350,1453,2867,10,9,11,2,1,0,LavaRegion,
76,17.1,1,4,4,1808,9,,Inferno,Mortar,ArcherTower,GoldStorage,,,,Giant,Pekka,Archer,Goblin,Fireball,Retreat,2418,WinChest1Region2,360,1507,2948,10,9,11,3,1,0,LavaRegion,0
,,2,4,4,1738,11,2,Mortar,Mortar,Inferno,GoldStorage,Inferno,,,,,,,,,2419,WinChest1Region2,360,1507,2948,,9,11,3,1,0,,
,,3,4,4,1738,10,2,ArcherTower,Inferno,Xbow,Mortar,Inferno,,,,,,,,,2420,WinChest1Region2,360,1507,2948,,9,11,3,1,0,,
77,17.2,1,3,4,1756,9,,Inferno,Cannon,Xbow,Inferno,WizardTower,,,Barbarian,Prince,Pekka,Wizard,Fireball,Charge,2449,WinChest1Region2,360,1507,2948,10,9,11,3,1,0,LavaRegion,0
,,2,3,4,1686,8,2,ArcherTower,Inferno,Inferno,Mortar,WizardTower,,,,,,,,,2450,WinChest1Region2,360,1507,2948,,9,11,3,1,0,,
,,3,3,4,1686,10,2,ArcherTower,Inferno,Xbow,Mortar,Inferno,,,,,,,,,2451,WinChest1Region2,360,1507,2948,,9,11,3,1,0,,
78,17.3,1,4,4,1888,10,,Inferno,Cannon,Xbow,Mortar,Inferno,,,Pekka,Archer,Barbarian,Prince,Rocket,Retreat,2480,WinChest1Region2,360,1507,2948,10,9,11,3,1,0,LavaRegion,0
,,2,4,4,1818,9,2,ArcherTower,Inferno,Xbow,Inferno,WizardTower,,,,,,,,,2481,WinChest1Region2,360,1507,2948,,9,11,3,1,0,,
,,3,4,4,1818,11,2,ArcherTower,Cannon,Inferno,Mortar,WizardTower,,,,,,,,,2511,WinChest1Region2,360,1507,2948,,9,11,3,1,0,,
79,17.4,1,4,4,2680,11,,ArcherTower,Inferno,Xbow,Inferno,WizardTower,GoldStorage,,Pekka,Giant,Goblin,Wizard,Rocket,Retreat,2542,WinChest2Region2,360,1507,2948,10,9,11,3,1,0,LavaRegion,
,,2,4,4,2610,10,2,Inferno,Cannon,Xbow,Mortar,Inferno,GoldStorage,,,,,,,,2263,WinChest2Region2,360,1507,2948,,9,11,3,1,0,,
80,17.5,1,4,4,2854,11,,Mortar,Inferno,Xbow,Inferno,WizardTower,GoldStorage,,Pekka,Prince,Goblin,Archer,Rocket,Charge,2267,WinChest2Region2,360,1507,2948,10,9,11,3,1,0,LavaRegion,
,,2,4,4,2784,13,2,Inferno,Cannon,ArcherTower,Mortar,Inferno,GoldStorage,,,,,,,,2268,WinChest2Region2,360,1507,2948,,9,11,3,1,0,,
81,18.1,1,4,4,1888,10,,Inferno,Cannon,Xbow,Mortar,WizardTower,GoldStorage,,Pekka,Goblin,Wizard,Barbarian,Rocket,Retreat,2294,WinChest1Region2,370,1534,2988,10,9,11,3,1,1,LavaRegion,0
,,2,4,4,1818,9,2,ArcherTower,Inferno,Xbow,GoldStorage,GoldStorage,,,,,,,,,2295,WinChest1Region2,370,1534,2988,,9,11,3,1,1,,
,,3,4,4,1818,11,2,ArcherTower,Inferno,Xbow,GoldStorage,Inferno,,,,,,,,,2296,WinChest1Region2,370,1534,2988,,9,11,3,1,1,,
82,18.2,1,4,4,1928,11,,Mortar,ArcherTower,Inferno,Inferno,,,,Giant,Archer,Pekka,Wizard,Fireball,Retreat,2325,WinChest1Region2,370,1534,2988,10,9,11,3,1,1,LavaRegion,0
,,2,4,4,1858,10,2,Mortar,ArcherTower,Cannon,Inferno,Inferno,,,,,,,,,2326,WinChest1Region2,370,1534,2988,,9,11,3,1,1,,
,,3,4,4,1858,12,2,Mortar,ArcherTower,WizardTower,Inferno,Inferno,,,,,,,,,2327,WinChest1Region2,370,1534,2988,,9,11,3,1,1,,0
83,18.3,1,4,4,2912,13,,ArcherTower,Cannon,Xbow,Mortar,WizardTower,Inferno,,Archer,Barbarian,Pekka,Giant,Rocket,Retreat,2356,WinChest2Region2,370,1534,2988,10,9,11,3,1,1,LavaRegion,0
,,2,4,4,2842,11,2,Cannon,Cannon,Xbow,Inferno,Inferno,,,,,,,,,2357,WinChest2Region2,370,1534,2988,,9,11,3,1,1,,0
84,18.4,1,4,4,5306,11,2,Cannon,Cannon,Xbow,Inferno,Inferno,,,Pekka,Barbarian,Wizard,Giant,Rocket,Step,2387,WinChest3Region2,370,1534,2988,10,9,11,3,1,1,LavaRegion,
85,18.5,1,4,4,5401,14,2,,,,,,,LavaGolem,Barbarian,Prince,Pekka,Wizard,Fireball,Retreat,2388,WinChest3Region2,370,1534,2988,10,9,11,3,1,1,LavaRegion,
86,19.1,1,3,4,1832,9,,Tesla,Cannon,ArcherTower,WizardTower,,,,Barbarian,Archer,Wizard,Giant,Rocket,Step,2573,WinChest1Region3,370,1547,3008,10,9,11,3,1,1,ElectroRegion,
,,2,3,4,1742,8,3,Tesla,ArcherTower,Mortar,,,,,,,,,,,2574,WinChest1Region3,370,1547,3008,,9,11,3,1,1,,
,,3,3,4,1742,10,3,Tesla,Cannon,WizardTower,,,,,,,,,,,2575,WinChest1Region3,370,1547,3008,,9,11,3,1,1,,
87,19.2,1,3,4,1870,7,,Tesla,ArcherTower,Mortar,,,,,Barbarian,Wizard,Giant,Prince,Rocket,Step,2604,WinChest1Region3,370,1547,3008,10,9,11,3,1,1,ElectroRegion,
,,2,3,4,1780,9,3,Cannon,WizardTower,Xbow,ArcherTower,,,,,,,,,,2605,WinChest1Region3,370,1547,3008,,9,11,3,1,1,,
,,3,3,4,1780,8,3,Tesla,ArcherTower,Mortar,,,,,,,,,,,2606,WinChest1Region3,370,1547,3008,,9,11,3,1,1,,
88,19.3,1,3,4,1832,9,,Tesla,ArcherTower,Xbow,ArcherTower,,,,Barbarian,Archer,Prince,Giant,Rocket,Charge,2635,WinChest1Region3,370,1547,3008,10,9,11,3,1,1,ElectroRegion,
,,2,3,4,1742,8,3,Tesla,WizardTower,Xbow,,,,,,,,,,,2636,WinChest1Region3,370,1547,3008,,9,11,3,1,1,,
,,3,3,4,1742,10,3,Cannon,WizardTower,Xbow,ArcherTower,,,,,,,,,,2637,WinChest1Region3,370,1547,3008,,9,11,3,1,1,,
89,19.4,1,3,4,1908,9,,Cannon,Cannon,WizardTower,ArcherTower,,,,Barbarian,Wizard,Giant,Archer,Fireball,Retreat,2666,WinChest1Region3,370,1547,3008,10,9,11,3,1,1,ElectroRegion,
,,2,3,4,1856,9,3,Tesla,Cannon,WizardTower,ArcherTower,,,,,,,,,,2667,WinChest1Region3,370,1547,3008,,9,11,3,1,1,,
,,3,3,4,1856,8,3,Tesla,WizardTower,WizardTower,ArcherTower,,,,,,,,,,2668,WinChest1Region3,370,1547,3008,,9,11,3,1,1,,
90,19.5,1,3,4,2731,10,3,Tesla,Cannon,WizardTower,,,,,Barbarian,Wizard,Giant,Archer,Rocket,Retreat,2697,WinChest2Region3,370,1547,3008,10,9,11,3,1,1,ElectroRegion,
,,2,3,4,2731,9,3,Tesla,ArcherTower,ArcherTower,,,,,,,,,,,2698,WinChest2Region3,370,1547,3008,,9,11,3,1,1,,
91,20.1,1,3,4,1908,9,,Tesla,Mortar,Xbow,,,,,Pekka,Archer,Giant,Prince,Zap,Charge,2728,WinChest1Region3,380,1574,3048,10,9,11,3,1,1,ElectroRegion,
,,2,3,4,1818,8,3,Tesla,ArcherTower,Xbow,,,,,,,,,,,2729,WinChest1Region3,380,1574,3048,,9,11,3,1,1,,
,,3,3,4,1818,10,3,Tesla,Mortar,Xbow,,,,,,,,,,,2730,WinChest1Region3,380,1574,3048,,9,11,3,1,1,,
92,20.2,1,3,4,1946,7,,Cannon,Inferno,WizardTower,GoldStorage,,,,Pekka,Goblin,Giant,Prince,Zap,Step,2759,WinChest1Region3,380,1574,3048,10,9,11,3,1,1,ElectroRegion,
,,2,3,4,1856,9,3,Tesla,Cannon,Mortar,GoldStorage,,,,,,,,,,2760,WinChest1Region3,380,1574,3048,,9,11,3,1,1,,
,,3,3,4,1856,8,3,Tesla,ArcherTower,Xbow,GoldStorage,,,,,,,,,,2761,WinChest1Region3,380,1574,3048,,9,11,3,1,1,,
93,20.3,1,3,4,1946,7,,Tesla,ArcherTower,Mortar,ArcherTower,Mortar,,,Pekka,Goblin,Archer,Prince,Zap,Charge,2790,WinChest1Region3,380,1574,3048,10,9,11,3,1,1,ElectroRegion,
,,2,3,4,1856,9,3,Tesla,WizardTower,Xbow,WizardTower,,,,,,,,,,2791,WinChest1Region3,380,1574,3048,,9,11,3,1,1,,
,,3,3,4,1856,8,3,Cannon,WizardTower,Mortar,ArcherTower,Xbow,,,,,,,,,2792,WinChest1Region3,380,1574,3048,,9,11,3,1,1,,
94,20.4,1,3,4,1980,7,,Tesla,WizardTower,Mortar,GoldStorage,,,,Pekka,Goblin,Archer,Prince,Zap,Retreat,2821,WinChest1Region3,380,1574,3048,10,9,11,3,1,1,ElectroRegion,
,,2,3,4,1890,10,3,Cannon,Inferno,Mortar,GoldStorage,,,,,,,,,,2822,WinChest1Region3,380,1574,3048,,9,11,3,1,1,,
,,3,3,4,1890,8,3,Tesla,WizardTower,Xbow,Xbow,,,,,,,,,,2823,WinChest1Region3,380,1574,3048,,9,11,3,1,1,,
95,20.5,1,3,4,2821,10,,Tesla,ArcherTower,Mortar,Cannon,,,,Pekka,Archer,Wizard,Prince,Zap,Step,2852,WinChest2Region3,380,1574,3048,10,9,11,3,1,1,ElectroRegion,
,,2,3,4,2731,9,3,Tesla,WizardTower,WizardTower,ArcherTower,,,,,,,,,,2853,WinChest2Region3,380,1574,3048,,9,11,3,1,1,,
96,20.6,1,4,4,5601,10,3,Tesla,Inferno,WizardTower,Cannon,,,,Pekka,Barbarian,Wizard,Archer,Zap,Retreat,2883,WinChest3Region3,380,1574,3048,10,9,11,3,1,1,ElectroRegion,
97,21.1,1,4,4,2124,9,,Cannon,Cannon,Xbow,,,,,Barbarian,Wizard,Giant,Prince,Zap,Rush,2914,WinChest1Region3,390,1613,3107,10,9,11,3,1,1,ElectroRegion,
,,2,4,4,2034,12,3,Tesla,Inferno,ArcherTower,,,,,,,,,,,2915,WinChest1Region3,390,1613,3107,,9,11,3,1,1,,
,,3,4,4,2034,10,3,Tesla,ArcherTower,Xbow,,,,,,,,,,,2916,WinChest1Region3,390,1613,3107,,9,11,3,1,1,,
98,21.2,1,4,4,2168,12,,Tesla,Cannon,WizardTower,Xbow,,,,Barbarian,Wizard,Giant,Prince,Zap,Rush,2945,WinChest1Region3,390,1613,3107,10,9,11,3,1,1,ElectroRegion,
,,2,4,4,2078,10,3,WizardTower,Cannon,Xbow,ArcherTower,,,,,,,,,,2946,WinChest1Region3,390,1613,3107,,9,11,3,1,1,,
,,3,4,4,2078,9,3,Tesla,Tesla,ArcherTower,Xbow,,,,,,,,,,2947,WinChest1Region3,390,1613,3107,,9,11,3,1,1,,
99,21.3,1,4,4,2084,9,,Tesla,ArcherTower,ArcherTower,,,,,Pekka,Archer,Giant,Prince,Fireball,Rush,2976,WinChest1Region3,390,1613,3107,10,9,11,3,1,1,ElectroRegion,
,,2,4,4,1994,11,3,Cannon,Inferno,WizardTower,,,,,,,,,,,2977,WinChest1Region3,390,1613,3107,,9,11,3,1,1,,
,,3,4,4,1994,10,3,Tesla,ArcherTower,Mortar,Xbow,,,,,,,,,,2978,WinChest1Region3,390,1613,3107,,9,11,3,1,1,,
100,21.4,1,4,4,3260,11,,Tesla,ArcherTower,Mortar,Xbow,,,,Pekka,Archer,Giant,Prince,Zap,Rush,3007,WinChest2Region3,390,1613,3107,10,9,11,3,1,1,ElectroRegion,
,,2,4,4,3170,9,3,Cannon,WizardTower,Mortar,,,,,,,,,,,3008,WinChest2Region3,390,1613,3107,,9,11,3,1,1,,
101,21.5,1,4,4,3260,11,,Tesla,Cannon,Cannon,Mortar,,,,Pekka,Archer,Wizard,Prince,Zap,Rush,3038,WinChest2Region3,390,1613,3107,10,9,11,3,1,1,ElectroRegion,
,,2,4,4,3170,9,3,Tesla,Cannon,WizardTower,Mortar,,,,,,,,,,3039,WinChest2Region3,390,1613,3107,,9,11,3,1,1,,
102,22.1,1,4,4,2288,10,,Cannon,Inferno,GoldStorage,Xbow,,,,Pekka,Wizard,Goblin,Prince,Zap,Rush,3069,WinChest1Region3,400,1665,3185,10,9,12,3,1,1,ElectroRegion,
,,2,4,4,2198,9,3,ArcherTower,Inferno,GoldStorage,Mortar,,,,,,,,,,3070,WinChest1Region3,400,1665,3185,,9,12,3,1,1,,
,,3,4,4,2198,11,3,Tesla,Cannon,GoldStorage,Xbow,,,,,,,,,,3071,WinChest1Region3,400,1665,3185,,9,12,3,1,1,,
103,22.2,1,3,4,2212,9,,Cannon,Inferno,WizardTower,GoldStorage,,,,Pekka,Archer,Goblin,Prince,Zap,Rush,3100,WinChest1Region3,400,1665,3185,10,9,12,3,1,1,ElectroRegion,
,,2,3,4,2122,7,3,Xbow,Inferno,WizardTower,GoldStorage,Tesla,,,,,,,,,3101,WinChest1Region3,400,1665,3185,,9,12,3,1,1,,
,,3,3,4,2122,9,3,Cannon,ArcherTower,WizardTower,GoldStorage,,,,,,,,,,3102,WinChest1Region3,400,1665,3185,,9,12,3,1,1,,
104,22.3,1,4,4,3318,13,,Cannon,WizardTower,WizardTower,GoldStorage,,,,Barbarian,Goblin,Giant,Archer,Zap,Rush,3131,WinChest2Region3,400,1665,3185,10,9,12,3,1,1,ElectroRegion,
,,2,4,4,3228,11,3,Cannon,Inferno,WizardTower,GoldStorage,,,,,,,,,,3132,WinChest2Region3,400,1665,3185,,9,12,3,1,1,,
105,22.4,1,4,4,3434,10,,Tesla,WizardTower,GoldStorage,GoldStorage,,,,Archer,Wizard,Goblin,Prince,Zap,Rush,3162,WinChest2Region3,400,1665,3185,10,9,12,3,1,1,ElectroRegion,
,,2,4,4,3344,12,3,Tesla,ArcherTower,Xbow,Xbow,,,,,,,,,,3163,WinChest2Region3,400,1665,3185,,9,12,3,1,1,,
106,23.1,1,4,4,2408,9,,ArcherTower,Inferno,GoldStorage,,,,,Pekka,Archer,Wizard,Goblin,Zap,Rush,3193,WinChest1Region3,410,1704,3244,10,9,12,3,1,1,ElectroRegion,
,,2,4,4,2318,11,3,Tesla,GoldStorage,Xbow,Cannon,,,,,,,,,,3194,WinChest1Region3,410,1704,3244,,9,12,3,1,1,,
,,3,4,4,2318,9,3,WizardTower,WizardTower,Xbow,GoldStorage,,,,,,,,,,3195,WinChest1Region3,410,1704,3244,,9,12,3,1,1,,
107,23.2,1,3,4,2288,8,,WizardTower,WizardTower,Xbow,GoldStorage,,,,Pekka,Prince,Barbarian,Archer,Zap,Retreat,3224,WinChest1Region3,410,1704,3244,10,9,12,3,1,1,ElectroRegion,
,,2,3,4,2198,7,3,Tesla,WizardTower,Xbow,Xbow,Cannon,,,,,,,,,3225,WinChest1Region3,410,1704,3244,,9,12,3,1,1,,
,,3,3,4,2198,9,3,WizardTower,Tesla,Xbow,GoldStorage,Cannon,,,,,,,,,3226,WinChest1Region3,410,1704,3244,,9,12,3,1,1,,
108,23.3,1,3,4,2367,9,,Inferno,WizardTower,Xbow,GoldStorage,,,,Giant,Goblin,Barbarian,Archer,Rocket,Rush,3255,WinChest1Region3,410,1704,3244,10,9,12,3,1,1,ElectroRegion,
,,2,3,4,2277,7,3,WizardTower,Inferno,Xbow,GoldStorage,,,,,,,,,,3256,WinChest1Region3,410,1704,3244,,9,12,3,1,1,,
,,3,3,4,2277,9,3,WizardTower,WizardTower,Tesla,GoldStorage,Cannon,,,,,,,,,3257,WinChest1Region3,410,1704,3244,,9,12,3,1,1,,
109,23.4,1,4,4,2368,11,,ArcherTower,ArcherTower,GoldStorage,Mortar,,,,Pekka,Barbarian,Archer,Goblin,Zap,Step,3286,WinChest1Region3,410,1704,3244,10,9,12,3,1,1,ElectroRegion,
,,2,4,4,2278,10,3,Tesla,GoldStorage,Mortar,Xbow,Cannon,,,,,,,,,3287,WinChest1Region3,410,1704,3244,,9,12,3,1,1,,
,,3,4,4,2278,9,3,Tesla,ArcherTower,Mortar,GoldStorage,,,,,,,,,,3288,WinChest1Region3,410,1704,3244,,9,12,3,1,1,,
110,23.5,1,4,4,3613,12,,ArcherTower,WizardTower,GoldStorage,GoldStorage,Mortar,,,Barbarian,Wizard,Goblin,Prince,Zap,Retreat,3317,WinChest2Region3,410,1704,3244,10,9,12,3,1,1,ElectroRegion,
,,2,4,4,3523,10,3,Tesla,ArcherTower,GoldStorage,Mortar,,,,,,,,,,3318,WinChest2Region3,410,1704,3244,,9,12,3,1,1,,
111,24.1,1,3,4,2288,8,,Cannon,GoldStorage,Mortar,Xbow,,,,Bomber,Barbarian,Goblin,Giant,Fireball,Charge,3348,WinChest1Region3,410,1704,3244,10,9,12,3,1,1,ElectroRegion,
,,2,3,4,2198,7,3,Cannon,GoldStorage,Mortar,ArcherTower,,,,,,,,,,3349,WinChest1Region3,410,1704,3244,,9,12,3,1,1,,
,,3,3,4,2198,9,3,WizardTower,Inferno,GoldStorage,Xbow,,,,,,,,,,3350,WinChest1Region3,410,1704,3244,,9,12,3,1,1,,
112,24.2,1,3,4,2326,10,,Cannon,WizardTower,GoldStorage,,,,,Bomber,Barbarian,Goblin,Prince,Rocket,Step,3379,WinChest1Region3,410,1704,3244,10,9,12,3,1,1,ElectroRegion,
,,2,3,4,2236,9,3,ArcherTower,WizardTower,Mortar,Xbow,,,,,,,,,,3380,WinChest1Region3,410,1704,3244,,9,12,3,1,1,,
,,3,3,4,2236,7,3,Cannon,Cannon,GoldStorage,ArcherTower,,,,,,,,,,3381,WinChest1Region3,410,1704,3244,,9,12,3,1,1,,
113,24.3,1,3,4,2288,8,,Mortar,Cannon,GoldStorage,Xbow,WizardTower,,,Bomber,Barbarian,Goblin,Prince,Rocket,Rush,3410,WinChest1Region3,410,1704,3244,10,9,12,3,1,1,ElectroRegion,
,,2,3,4,2198,7,3,Tesla,WizardTower,GoldStorage,ArcherTower,Xbow,,,,,,,,,3411,WinChest1Region3,410,1704,3244,,9,12,3,1,1,,
,,3,3,4,2198,9,3,Cannon,Inferno,Mortar,ArcherTower,,,,,,,,,,3412,WinChest1Region3,410,1704,3244,,9,12,3,1,1,,
114,24.4,1,4,4,2492,11,,Tesla,Cannon,GoldStorage,Xbow,,,,Bomber,Archer,Goblin,Giant,Zap,Step,3441,WinChest1Region3,410,1704,3244,10,9,12,3,1,1,ElectroRegion,
,,2,4,4,2402,10,3,Tesla,WizardTower,GoldStorage,Mortar,Xbow,,,,,,,,,3442,WinChest1Region3,410,1704,3244,,9,12,3,1,1,,
,,3,4,4,2402,9,3,Cannon,Inferno,Mortar,Xbow,,,,,,,,,,3443,WinChest1Region3,410,1704,3244,,9,12,3,1,1,,
115,24.5,1,4,4,3671,10,,Tesla,WizardTower,GoldStorage,GoldStorage,,,,Bomber,Barbarian,Archer,Goblin,Fireball,Rush,3472,WinChest2Region3,410,1704,3244,10,9,12,3,1,1,ElectroRegion,
,,2,4,4,3581,12,3,Cannon,Cannon,WizardTower,Xbow,GoldStorage,,,,,,,,,3473,WinChest2Region3,410,1704,3244,,9,12,3,1,1,,
116,24.6,1,4,4,6752,12,,Tesla,Cannon,GoldStorage,Xbow,,,,Bomber,Archer,Goblin,Prince,Zap,Retreat,3503,WinChest3Region3,410,1704,3244,10,9,12,3,1,1,ElectroRegion,
117,25.1,1,4,4,2482,9,3,Tesla,ArcherTower,WizardTower,Cannon,,,,Bomber,Pekka,Giant,Prince,Fireball,Retreat,3534,WinChest1Region3,420,1755,3320,10,9,12,3,1,1,ElectroRegion,
,,2,4,4,2482,11,3,Cannon,ArcherTower,Mortar,Cannon,,,,,,,,,,3535,WinChest1Region3,420,1755,3320,,9,12,3,1,1,,
,,3,4,4,2482,10,3,Tesla,Cannon,WizardTower,,,,,,,,,,,3536,WinChest1Region3,420,1755,3320,,9,12,3,1,1,,
118,25.2,1,4,4,2566,9,3,Cannon,ArcherTower,ArcherTower,Cannon,,,,Bomber,Pekka,Barbarian,Archer,Rocket,Rush,3565,WinChest1Region3,420,1755,3320,10,9,12,3,1,1,ElectroRegion,
,,2,4,4,2566,11,3,Tesla,WizardTower,Mortar,Cannon,,,,,,,,,,3566,WinChest1Region3,420,1755,3320,,9,12,3,1,1,,
,,3,4,4,2566,9,3,Tesla,WizardTower,ArcherTower,,,,,,,,,,,3567,WinChest1Region3,420,1755,3320,,9,12,3,1,1,,
119,25.3,1,4,4,2482,9,3,ArcherTower,WizardTower,GoldStorage,Mortar,,,,Bomber,Pekka,Goblin,Giant,Zap,Step,3596,WinChest1Region3,420,1755,3320,10,9,12,3,1,1,ElectroRegion,
,,2,4,4,2482,11,3,Tesla,Cannon,WizardTower,GoldStorage,,,,,,,,,,3597,WinChest1Region3,420,1755,3320,,9,12,3,1,1,,
,,3,4,4,2526,9,3,Tesla,ArcherTower,GoldStorage,Cannon,,,,,,,,,,3598,WinChest1Region3,420,1755,3320,,9,12,3,1,1,,
120,25.4,1,4,4,2606,9,3,Tesla,ArcherTower,Mortar,Xbow,,,,Bomber,Pekka,Barbarian,Prince,Fireball,Rush,3627,WinChest1Region3,420,1755,3320,10,9,12,3,1,1,ElectroRegion,
,,2,4,4,2606,11,3,Tesla,ArcherTower,ArcherTower,Xbow,,,,,,,,,,3628,WinChest1Region3,420,1755,3320,,9,12,3,1,1,,
,,3,4,4,2606,10,3,Tesla,WizardTower,GoldStorage,Xbow,,,,,,,,,,3629,WinChest1Region3,420,1755,3320,,9,12,3,1,1,,
121,25.5,1,4,4,3973,11,,Tesla,Cannon,ArcherTower,WizardTower,,,,Bomber,Pekka,Goblin,Prince,Zap,Rush,3658,WinChest2Region3,420,1755,3320,10,9,12,3,1,1,ElectroRegion,
,,2,4,4,3883,9,3,Tesla,Cannon,WizardTower,Xbow,,,,,,,,,,3659,WinChest2Region3,420,1755,3320,,9,12,3,1,1,,
122,26.1,1,4,4,2780,9,,ArcherTower,ArcherTower,GoldStorage,Mortar,,,,Bomber,Giant,Wizard,Goblin,Zap,Step,3689,WinChest1Region4,430,1819,3416,10,9,12,3,1,1,ElectroRegion,
,,2,4,4,2690,11,3,ArcherTower,Inferno,GoldStorage,Mortar,,,,,,,,,,3690,WinChest1Region4,430,1819,3416,,9,12,3,1,1,,
,,3,4,4,2690,9,3,ArcherTower,GoldStorage,Mortar,ArcherTower,,,,,,,,,,3691,WinChest1Region4,430,1819,3416,,9,12,3,1,1,,
123,26.2,1,4,4,2820,9,,Tesla,GoldStorage,Mortar,ArcherTower,,,,Bomber,Pekka,Wizard,Goblin,Zap,Charge,3720,WinChest1Region4,430,1819,3416,10,9,12,3,1,1,ElectroRegion,
,,2,4,4,2730,11,3,Tesla,GoldStorage,Mortar,Xbow,ArcherTower,,,,,,,,,3721,WinChest1Region4,430,1819,3416,,9,12,3,1,1,,
,,3,4,4,2730,10,3,ArcherTower,GoldStorage,Xbow,ArcherTower,,,,,,,,,,3722,WinChest1Region4,430,1819,3416,,9,12,3,1,1,,
124,26.3,1,3,4,2721,7,,ArcherTower,Inferno,GoldStorage,Mortar,,,,Bomber,Barbarian,Wizard,Giant,Zap,Retreat,3751,WinChest1Region4,430,1819,3416,10,9,12,3,1,1,ElectroRegion,
,,2,3,4,2631,9,3,Tesla,WizardTower,Xbow,ArcherTower,,,,,,,,,,3752,WinChest1Region4,430,1819,3416,,9,12,3,1,1,,
,,3,3,4,2631,8,3,Tesla,Mortar,Xbow,ArcherTower,,,,,,,,,,3753,WinChest1Region4,430,1819,3416,,9,12,3,1,1,,
125,26.4,1,4,4,2904,9,,Cannon,Cannon,GoldStorage,Cannon,,,,Bomber,Pekka,Barbarian,Goblin,Fireball,Step,3782,WinChest1Region4,430,1819,3416,10,9,12,3,1,1,ElectroRegion,
,,2,4,4,2814,11,3,Tesla,Cannon,WizardTower,Xbow,,,,,,,,,,3783,WinChest1Region4,430,1819,3416,,9,12,3,1,1,,
,,3,4,4,2858,12,3,Cannon,WizardTower,GoldStorage,Xbow,,,,,,,,,,3784,WinChest1Region4,430,1819,3416,,9,12,3,1,1,,
126,26.5,1,4,4,4153,10,,Tesla,Cannon,GoldStorage,Xbow,,,,Bomber,Barbarian,Wizard,Giant,Rocket,Rush,3813,WinChest2Region4,430,1819,3416,10,9,12,3,1,1,ElectroRegion,
,,2,4,4,4063,12,3,Cannon,WizardTower,Mortar,Xbow,,,,,,,,,,3814,WinChest2Region4,430,1819,3416,,9,12,3,1,1,,
127,26.6,1,4,4,4333,10,,ArcherTower,Inferno,GoldStorage,Mortar,WizardTower,,,Bomber,Barbarian,Archer,Pekka,Zap,Rush,3844,WinChest2Region4,430,1819,3416,10,9,12,3,1,1,ElectroRegion,
,,2,4,4,4243,12,3,Tesla,WizardTower,Xbow,ArcherTower,Mortar,,,,,,,,,3845,WinChest2Region4,430,1819,3416,,9,12,3,1,1,,
128,26.7,1,4,4,7869,13,3,ArcherTower,Inferno,Tesla,Mortar,WizardTower,Xbow,,Bomber,Barbarian,Archer,Pekka,Zap,Rush,3875,WinChest3Region4,430,1819,3416,10,9,12,3,1,1,ElectroRegion,
129,27.1,1,4,4,3032,10,,Tesla,Inferno,ArcherTower,Cannon,Mortar,,,Bomber,Archer,Giant,Prince,Fireball,Rush,3906,WinChest1Region4,450,1894,3528,10,9,12,3,1,1,ElectroRegion,
,,2,4,4,2942,9,3,Tesla,Inferno,WizardTower,Xbow,Mortar,,,,,,,,,3907,WinChest1Region4,450,1894,3528,,9,12,3,1,1,,
,,3,4,4,2942,11,3,Cannon,Inferno,ArcherTower,WizardTower,,,,,,,,,,3908,WinChest1Region4,450,1894,3528,,9,12,3,1,1,,
130,27.2,1,4,4,3076,9,,Cannon,Inferno,Cannon,Mortar,,,,Bomber,Pekka,Wizard,Archer,Fireball,Step,3937,WinChest1Region4,450,1894,3528,10,9,12,3,1,1,ElectroRegion,
,,2,4,4,2986,11,3,Tesla,Inferno,ArcherTower,Mortar,Xbow,,,,,,,,,3938,WinChest1Region4,450,1894,3528,,9,12,3,1,1,,
,,3,4,4,2986,10,3,Tesla,Cannon,Mortar,Xbow,,,,,,,,,,3939,WinChest1Region4,450,1894,3528,,9,12,3,1,1,,
131,27.3,1,4,4,4518,12,,Tesla,ArcherTower,WizardTower,Mortar,,,,Bomber,Barbarian,Giant,Prince,Zap,Rush,3968,WinChest2Region4,450,1894,3528,10,9,12,3,1,1,ElectroRegion,
,,2,4,4,4428,11,3,Cannon,Inferno,WizardTower,Mortar,,,,,,,,,,3969,WinChest2Region4,450,1894,3528,,9,12,3,1,1,,
132,27.4,1,4,4,8295,10,,Tesla,Inferno,ArcherTower,Mortar,Cannon,,,Bomber,Pekka,Giant,Prince,Fireball,Charge,3999,WinChest3Region4,450,1894,3528,10,9,12,3,1,1,ElectroRegion,
133,27.5,1,4,4,8400,11,,Tesla,Tesla,Inferno,WizardTower,Mortar,,,Bomber,Pekka,Archer,Prince,Zap,Step,4030,WinChest3Region4,450,1894,3528,10,9,12,3,1,1,ElectroRegion,
134,28.1,1,4,4,3200,9,,Furnace,Cannon,ArcherTower,Xbow,,,,Barbarian,Wizard,Goblin,Prince,Rocket,Step,4061,WinChest1Region4,460,1944,3603,10,9,12,3,1,1,SpellRegion,
,,2,4,4,3070,11,4,Furnace,Cannon,GoldStorage,Xbow,,,,,,,,,,4062,WinChest1Region4,460,1944,3603,,9,12,3,1,1,,
,,3,4,4,3070,10,4,Furnace,ArcherTower,Xbow,Furnace,,,,,,,,,,4063,WinChest1Region4,460,1944,3603,,9,12,3,1,1,,
135,28.2,1,4,4,3244,11,,Furnace,ArcherTower,GoldStorage,ArcherTower,,,,Pekka,Barbarian,Wizard,Goblin,Rocket,Rush,4092,WinChest1Region4,460,1944,3603,10,9,12,3,1,1,SpellRegion,
,,2,4,4,3114,10,4,Furnace,Cannon,GoldStorage,Xbow,,,,,,,,,,4093,WinChest1Region4,460,1944,3603,,9,12,3,1,1,,
,,3,4,4,3114,12,4,Furnace,Cannon,ArcherTower,Cannon,,,,,,,,,,4094,WinChest1Region4,460,1944,3603,,9,12,3,1,1,,
136,28.3,1,4,4,3288,10,,Furnace,Cannon,WizardTower,GoldStorage,,,,Pekka,Archer,Wizard,Goblin,Zap,Retreat,4123,WinChest1Region4,460,1944,3603,10,9,12,3,1,1,SpellRegion,
,,2,4,4,3158,12,4,Furnace,ArcherTower,GoldStorage,Mortar,,,,,,,,,,4124,WinChest1Region4,460,1944,3603,,9,12,3,1,1,,
,,3,4,4,3158,10,4,Furnace,Cannon,WizardTower,Mortar,,,,,,,,,,4125,WinChest1Region4,460,1944,3603,,9,12,3,1,1,,
137,28.4,1,4,4,3244,11,,Furnace,ArcherTower,GoldStorage,Xbow,,,,Barbarian,Wizard,Goblin,Giant,Zap,Step,4154,WinChest1Region4,460,1944,3603,10,9,12,3,1,1,SpellRegion,
,,2,4,4,3114,10,4,Cannon,Inferno,Xbow,Xbow,,,,,,,,,,4155,WinChest1Region4,460,1944,3603,,9,12,3,1,1,,
,,3,4,4,3114,12,4,Furnace,WizardTower,Cannon,Cannon,,,,,,,,,,4156,WinChest1Region4,460,1944,3603,,9,12,3,1,1,,
138,28.5,1,4,4,4889,11,,Furnace,Cannon,Xbow,Cannon,,,,Pekka,Archer,Wizard,Prince,Rocket,Rush,4185,WinChest2Region4,460,1944,3603,10,9,12,3,1,1,SpellRegion,
,,2,4,4,4759,10,4,Cannon,Inferno,Xbow,WizardTower,,,,,,,,,,4186,WinChest2Region4,460,1944,3603,,9,12,3,1,1,,
139,29.1,1,3,4,3082,8,,Furnace,GoldStorage,Xbow,Cannon,,,,Pekka,Archer,Goblin,Prince,Log,Rush,4216,WinChest1Region4,470,1956,3621,10,9,12,3,1,1,SpellRegion,
,,2,3,4,2952,10,4,Furnace,ArcherTower,GoldStorage,Xbow,,,,,,,,,,4217,WinChest1Region4,470,1956,3621,,9,12,3,1,1,,
,,3,3,4,2952,8,4,ArcherTower,WizardTower,GoldStorage,Cannon,,,,,,,,,,4218,WinChest1Region4,470,1956,3621,,9,12,3,1,1,,
140,29.2,1,3,4,3124,7,,Furnace,ArcherTower,WizardTower,GoldStorage,Mortar,,,Pekka,Barbarian,Goblin,Archer,Log,Rush,4247,WinChest1Region4,470,1956,3621,10,9,12,3,1,1,SpellRegion,
,,2,3,4,2994,9,4,Furnace,Inferno,Cannon,GoldStorage,Mortar,,,,,,,,,4248,WinChest1Region4,470,1956,3621,,9,12,3,1,1,,
,,3,3,4,2994,8,4,Furnace,Cannon,ArcherTower,Xbow,,,,,,,,,,4249,WinChest1Region4,470,1956,3621,,9,12,3,1,1,,
141,29.3,1,3,4,3162,9,,ArcherTower,Mortar,Xbow,ArcherTower,,,,Barbarian,Wizard,Giant,Archer,Log,Retreat,4278,WinChest1Region4,470,1956,3621,10,9,12,3,1,1,SpellRegion,
,,2,3,4,3032,8,4,Furnace,GoldStorage,Mortar,Xbow,,,,,,,,,,4279,WinChest1Region4,470,1956,3621,,9,12,3,1,1,,
,,3,3,4,3032,10,4,Furnace,Inferno,ArcherTower,WizardTower,,,,,,,,,,4280,WinChest1Region4,470,1956,3621,,9,12,3,1,1,,
142,29.4,1,3,4,3124,7,,Furnace,ArcherTower,GoldStorage,ArcherTower,,,,Pekka,Barbarian,Wizard,Prince,Log,Step,4309,WinChest1Region4,470,1956,3621,10,9,12,3,1,1,SpellRegion,
,,2,3,4,2994,9,4,ArcherTower,Tesla,WizardTower,GoldStorage,,,,,,,,,,4310,WinChest1Region4,470,1956,3621,,9,12,3,1,1,,
,,3,3,4,2994,8,4,Furnace,Tesla,Mortar,Xbow,,,,,,,,,,4311,WinChest1Region4,470,1956,3621,,9,12,3,1,1,,
143,29.5,1,3,4,3245,7,,Furnace,Inferno,WizardTower,GoldStorage,,,,Barbarian,Archer,Goblin,Prince,Log,Charge,4340,WinChest1Region4,470,1956,3621,10,9,12,3,1,1,SpellRegion,
,,2,3,4,3115,9,4,Cannon,Inferno,Cannon,GoldStorage,,,,,,,,,,4341,WinChest1Region4,470,1956,3621,,9,12,3,1,1,,
,,3,3,4,3115,8,4,Furnace,Cannon,ArcherTower,Xbow,,,,,,,,,,4342,WinChest1Region4,470,1956,3621,,9,12,3,1,1,,
144,29.6,1,4,4,5011,12,,Furnace,Cannon,WizardTower,Xbow,,,,Wizard,Archer,Goblin,Prince,Log,Step,4371,WinChest2Region4,470,1956,3621,10,9,12,3,1,1,SpellRegion,
,,2,4,4,4881,11,4,Furnace,Mortar,ArcherTower,Xbow,,,,,,,,,,4372,WinChest2Region4,470,1956,3621,,9,12,3,1,1,,
145,29.7,1,4,4,9072,13,,,,,,,,PapaDragonEscape,Wizard,Barbarian,Archer,Prince,Fireball,Rush,4402,WinChest3Region4,470,1956,3621,10,9,12,3,1,1,SpellRegion,
146,30.1,1,4,4,3456,12,,Furnace,Inferno,Mortar,Mortar,,,,Bomber,Pekka,Archer,Prince,Log,Rush,4433,WinChest1Region4,480,2017,3713,10,9,12,3,1,1,SpellRegion,
,,2,4,4,3456,10,,Furnace,Tesla,ArcherTower,Mortar,,,,,,,,,,4434,WinChest1Region4,480,2017,3713,,9,12,3,1,1,,
,,3,4,4,3456,9,,Cannon,ArcherTower,ArcherTower,Mortar,,,,,,,,,,4435,WinChest1Region4,480,2017,3713,,9,12,3,1,1,,
147,30.2,1,4,4,3500,10,,Cannon,Tesla,GoldStorage,Xbow,,,,Bomber,Barbarian,Goblin,Prince,Log,Step,4464,WinChest1Region4,480,2017,3713,10,9,12,3,1,1,SpellRegion,
,,2,4,4,3500,9,,Furnace,Inferno,GoldStorage,Mortar,Xbow,,,,,,,,,4465,WinChest1Region4,480,2017,3713,,9,12,3,1,1,,
,,3,4,4,3500,11,,Cannon,Tesla,WizardTower,Xbow,,,,,,,,,,4466,WinChest1Region4,480,2017,3713,,9,12,3,1,1,,
148,30.3,1,3,4,3367,8,,Cannon,Inferno,Cannon,ArcherTower,,,,Bomber,Pekka,Giant,Archer,Log,Rush,4495,WinChest1Region4,480,2017,3713,10,9,12,3,1,1,SpellRegion,
,,2,3,4,3367,10,,Cannon,Furnace,Cannon,ArcherTower,Xbow,,,,,,,,,4496,WinChest1Region4,480,2017,3713,,9,12,3,1,1,,
,,3,3,4,3367,9,,Furnace,Cannon,ArcherTower,WizardTower,ArcherTower,,,,,,,,,4497,WinChest1Region4,480,2017,3713,,9,12,3,1,1,,
149,30.4,1,3,4,3325,8,,Furnace,Tesla,ArcherTower,Mortar,,,,Bomber,Barbarian,Giant,Prince,Log,Retreat,4526,WinChest1Region4,480,2017,3713,10,9,12,3,1,1,SpellRegion,
,,2,3,4,3325,7,,Cannon,ArcherTower,WizardTower,Xbow,,,,,,,,,,4527,WinChest1Region4,480,2017,3713,,9,12,3,1,1,,
,,3,3,4,3325,9,,Furnace,Tesla,ArcherTower,Mortar,ArcherTower,,,,,,,,,4528,WinChest1Region4,480,2017,3713,,9,12,3,1,1,,
150,30.5,1,4,4,5266,10,,Furnace,ArcherTower,Mortar,WizardTower,Cannon,,,Bomber,Archer,Giant,Barbarian,Log,Step,4557,WinChest2Region4,480,2017,3713,10,9,12,3,1,1,SpellRegion,
,,2,4,4,5266,12,,Inferno,ArcherTower,Cannon,WizardTower,,,,,,,,,,4558,WinChest2Region4,480,2017,3713,,9,12,3,1,1,,
151,31.1,1,3,4,3450,10,,Furnace,WizardTower,Mortar,Xbow,,,,Pekka,Barbarian,Goblin,Prince,Zap,Step,4588,WinChest1Region4,490,2066,3786,10,9,12,3,1,1,SpellRegion,
,,2,3,4,3320,8,4,Furnace,Cannon,Mortar,Xbow,GoldStorage,,,,,,,,,4589,WinChest1Region4,490,2066,3786,,9,12,3,1,1,,
,,3,3,4,3320,7,4,ArcherTower,Inferno,GoldStorage,Cannon,,,,,,,,,,4590,WinChest1Region4,490,2066,3786,,9,12,3,1,1,,
152,31.2,1,3,4,3488,8,,Furnace,GoldStorage,GoldStorage,ArcherTower,,,,Pekka,Archer,Wizard,Goblin,Fireball,Charge,4619,WinChest1Region4,490,2066,3786,10,9,12,3,1,1,SpellRegion,
,,2,3,4,3358,10,4,ArcherTower,Tesla,GoldStorage,ArcherTower,,,,,,,,,,4620,WinChest1Region4,490,2066,3786,,9,12,3,1,1,,
,,3,3,4,3358,9,4,Furnace,WizardTower,Mortar,Cannon,,,,,,,,,,4621,WinChest1Region4,490,2066,3786,,9,12,3,1,1,,
153,31.3,1,4,4,3716,9,,ArcherTower,Tesla,WizardTower,GoldStorage,,,,Pekka,Barbarian,Archer,Prince,Log,Step,4650,WinChest1Region4,490,2066,3786,10,9,12,3,1,1,SpellRegion,
,,2,4,4,3586,11,4,Furnace,Inferno,GoldStorage,Xbow,,,,,,,,,,4651,WinChest1Region4,490,2066,3786,,9,12,3,1,1,,
,,3,4,4,3586,10,4,Furnace,ArcherTower,Mortar,Xbow,,,,,,,,,,4652,WinChest1Region4,490,2066,3786,,9,12,3,1,1,,
154,31.4,1,4,4,5452,10,,WizardTower,Inferno,GoldStorage,Mortar,Xbow,,,Barbarian,Wizard,Goblin,Giant,Log,Charge,4681,WinChest2Region4,490,2066,3786,10,9,12,3,1,1,SpellRegion,
,,2,4,4,5322,12,4,Furnace,Tesla,Mortar,Xbow,,,,,,,,,,4682,WinChest2Region4,490,2066,3786,,9,12,3,1,1,,
155,31.5,1,4,4,9986,11,,Furnace,Tesla,Inferno,GoldStorage,Mortar,Xbow,,Pekka,Archer,Wizard,Goblin,Log,Rush,4712,WinChest3Region4,490,2066,3786,10,9,12,3,1,1,SpellRegion,
156,32.1,1,4,4,3588,11,,Furnace,Cannon,GoldStorage,Xbow,,,,BabyDragon,Barbarian,Archer,Goblin,Log,Rush,4743,WinChest1Region4,490,2054,3768,10,9,12,3,1,1,SpellRegion,
,,2,4,4,3458,10,4,Cannon,Cannon,GoldStorage,,,,,,,,,,,4744,WinChest1Region4,490,2054,3768,,9,12,3,1,1,,
,,3,4,4,3458,8,4,Furnace,Cannon,GoldStorage,Xbow,,,,,,,,,,4745,WinChest1Region4,490,2054,3768,,9,12,3,1,1,,
157,32.2,1,4,4,3632,10,,Furnace,Cannon,GoldStorage,WizardTower,,,,BabyDragon,Barbarian,Goblin,Prince,Rocket,Charge,4774,WinChest1Region4,490,2054,3768,10,9,12,3,1,1,SpellRegion,
,,2,4,4,3502,8,4,Cannon,Tesla,GoldStorage,Xbow,,,,,,,,,,4775,WinChest1Region4,490,2054,3768,,9,12,3,1,1,,
,,3,4,4,3502,11,4,Cannon,WizardTower,Mortar,Xbow,,,,,,,,,,4776,WinChest1Region4,490,2054,3768,,9,12,3,1,1,,
158,32.3,1,4,4,3672,10,,Cannon,WizardTower,GoldStorage,Mortar,,,,BabyDragon,Archer,Giant,Goblin,Log,Retreat,4805,WinChest1Region4,490,2054,3768,10,9,12,3,1,1,SpellRegion,
,,2,4,4,3542,9,4,Furnace,Cannon,WizardTower,GoldStorage,Tesla,,,,,,,,,4806,WinChest1Region4,490,2054,3768,,9,12,3,1,1,,
,,3,4,4,3542,11,4,Furnace,Tesla,Inferno,Mortar,Cannon,,,,,,,,,4807,WinChest1Region4,490,2054,3768,,9,12,3,1,1,,
159,32.4,1,4,4,3632,10,,Cannon,WizardTower,GoldStorage,Xbow,,,,BabyDragon,Wizard,Pekka,Goblin,Fireball,Step,4836,WinChest1Region4,490,2054,3768,10,9,12,3,1,1,SpellRegion,
,,2,4,4,3502,8,4,Inferno,Cannon,WizardTower,GoldStorage,Tesla,,,,,,,,,4837,WinChest1Region4,490,2054,3768,,9,12,3,1,1,,
,,3,4,4,3502,11,4,Furnace,Tesla,Inferno,Xbow,Cannon,,,,,,,,,4838,WinChest1Region4,490,2054,3768,,9,12,3,1,1,,
160,32.5,1,4,4,5388,11,,Cannon,Cannon,WizardTower,Xbow,GoldStorage,,,BabyDragon,Barbarian,Giant,Goblin,Log,Rush,4867,WinChest2Region4,490,2054,3768,10,9,12,3,1,1,SpellRegion,
,,2,4,4,5258,10,4,Furnace,GoldStorage,Mortar,Xbow,,,,,,,,,,4868,WinChest2Region4,490,2054,3768,,9,12,3,1,1,,
161,32.6,1,4,4,9870,13,,Cannon,Inferno,WizardTower,Cannon,,,,BabyDragon,Archer,Giant,Prince,Log,Charge,4898,WinChest3Region4,490,2054,3768,10,9,12,3,1,1,SpellRegion,
162,33.1,1,4,4,3804,10,,ArcherTower,Tesla,WizardTower,ArcherTower,,,,BabyDragon,Pekka,Wizard,Prince,Rocket,Step,4929,WinChest1Region4,500,2114,3859,10,9,12,3,1,1,SpellRegion,
,,2,4,4,3674,9,4,ArcherTower,Inferno,Mortar,ArcherTower,,,,,,,,,,4930,WinChest1Region4,500,2114,3859,,9,12,3,1,1,,
,,3,4,4,3674,11,4,ArcherTower,Tesla,Mortar,WizardTower,,,,,,,,,,4931,WinChest1Region4,500,2114,3859,,9,12,3,1,1,,
163,33.2,1,4,4,3848,9,,Furnace,WizardTower,ArcherTower,Xbow,Cannon,,,BabyDragon,Barbarian,Wizard,Archer,Zap,Retreat,4960,WinChest1Region4,500,2114,3859,10,9,12,3,1,1,SpellRegion,
,,2,4,4,3718,11,4,Furnace,Tesla,ArcherTower,Xbow,Cannon,,,,,,,,,4961,WinChest1Region4,500,2114,3859,,9,12,3,1,1,,
,,3,4,4,3718,9,4,Furnace,Inferno,Mortar,Xbow,Cannon,,,,,,,,,4962,WinChest1Region4,500,2114,3859,,9,12,3,1,1,,
164,33.3,1,4,4,3892,11,,Inferno,Tesla,Mortar,Xbow,,,,BabyDragon,Pekka,Archer,Wizard,Zap,Rush,4991,WinChest1Region4,500,2114,3859,10,9,12,3,1,1,SpellRegion,
,,2,4,4,3762,9,4,Inferno,ArcherTower,Xbow,Cannon,,,,,,,,,,4992,WinChest1Region4,500,2114,3859,,9,12,3,1,1,,
,,3,4,4,3762,11,4,ArcherTower,WizardTower,Mortar,Xbow,,,,,,,,,,4993,WinChest1Region4,500,2114,3859,,9,12,3,1,1,,
165,33.4,1,4,4,3848,9,,Furnace,Inferno,GoldStorage,Cannon,,,,BabyDragon,Barbarian,Archer,Goblin,Log,Step,5022,WinChest1Region4,500,2114,3859,10,9,12,3,1,1,SpellRegion,
,,2,4,4,3718,11,4,Inferno,ArcherTower,Xbow,Cannon,,,,,,,,,,5023,WinChest1Region4,500,2114,3859,,9,12,3,1,1,,
,,3,4,4,3718,9,4,Furnace,GoldStorage,Mortar,Xbow,,,,,,,,,,5024,WinChest1Region4,500,2114,3859,,9,12,3,1,1,,
166,33.5,1,4,4,5707,12,,WizardTower,Inferno,GoldStorage,Mortar,Xbow,Cannon,,BabyDragon,Wizard,Barbarian,Giant,Rocket,Rush,5053,WinChest2Region4,500,2114,3859,10,9,12,3,1,1,SpellRegion,
,,2,4,4,5577,10,4,Furnace,Tesla,Mortar,Xbow,ArcherTower,,,,,,,,,5054,WinChest2Region4,500,2114,3859,,9,12,3,1,1,,
167,33.6,1,4,4,10448,14,,Furnace,ArcherTower,GoldStorage,Xbow,Cannon,,,BabyDragon,Pekka,Barbarian,Prince,Zap,Step,5084,WinChest3Region4,500,2114,3859,10,9,12,3,1,1,SpellRegion,
168,34.1,1,3,4,3823,7,,Furnace,Cannon,WizardTower,Cannon,,,,BabyDragon,Bomber,Giant,Archer,Log,Retreat,5115,WinChest1Region4,510,2174,3949,10,9,12,3,1,1,SpellRegion,
,,2,3,4,3693,9,4,Furnace,Cannon,ArcherTower,Cannon,,,,,,,,,,5116,WinChest1Region4,510,2174,3949,,9,12,3,1,1,,
,,3,3,4,3693,8,4,Inferno,ArcherTower,Mortar,Xbow,,,,,,,,,,5117,WinChest1Region4,510,2174,3949,,9,12,3,1,1,,
169,34.2,1,3,4,3865,7,,Furnace,Tesla,ArcherTower,Xbow,Mortar,,,BabyDragon,Bomber,Barbarian,Prince,Log,Retreat,5146,WinChest1Region4,510,2174,3949,10,9,12,3,1,1,SpellRegion,
,,2,3,4,3735,9,4,Furnace,ArcherTower,Xbow,ArcherTower,Mortar,,,,,,,,,5147,WinChest1Region4,510,2174,3949,,9,12,3,1,1,,
,,3,3,4,3735,8,4,Inferno,Tesla,Mortar,Xbow,,,,,,,,,,5148,WinChest1Region4,510,2174,3949,,9,12,3,1,1,,
170,34.3,1,3,4,3906,9,,Inferno,Furnace,Mortar,Xbow,ArcherTower,,,BabyDragon,Pekka,Barbarian,Archer,Log,Step,5177,WinChest1Region4,510,2174,3949,10,9,12,3,1,1,SpellRegion,
,,2,3,4,3776,8,4,Inferno,ArcherTower,Xbow,Cannon,Cannon,,,,,,,,,5178,WinChest1Region4,510,2174,3949,,9,12,3,1,1,,
,,3,3,4,3776,10,4,ArcherTower,Tesla,Mortar,Xbow,Cannon,,,,,,,,,5179,WinChest1Region4,510,2174,3949,,9,12,3,1,1,,
171,34.4,1,3,4,5664,9,,Cannon,Tesla,WizardTower,Cannon,,,,BabyDragon,Bomber,Archer,Wizard,Rocket,Rush,5208,WinChest1Region4,510,2174,3949,10,9,12,3,1,1,SpellRegion,
,,2,3,4,5534,8,4,Furnace,WizardTower,ArcherTower,Cannon,,,,,,,,,,5209,WinChest1Region4,510,2174,3949,,9,12,3,1,1,,
,,3,3,4,5534,10,4,Cannon,Tesla,ArcherTower,Cannon,,,,,,,,,,5210,WinChest1Region4,510,2174,3949,,9,12,3,1,1,,
172,34.5,1,4,4,6026,12,,Furnace,Cannon,Mortar,Xbow,,,,BabyDragon,Pekka,Barbarian,Prince,Fireball,Step,5239,WinChest2Region4,510,2174,3949,10,9,12,3,1,1,SpellRegion,
,,2,4,4,5896,11,4,Inferno,WizardTower,Xbow,Cannon,,,,,,,,,,5240,WinChest2Region4,510,2174,3949,,9,12,3,1,1,,
173,34.6,1,4,4,6090,11,,Furnace,Cannon,Xbow,Cannon,,,,BabyDragon,Bomber,Pekka,Archer,Log,Charge,5270,WinChest2Region4,510,2174,3949,10,9,12,3,1,1,SpellRegion,
,,2,4,4,5960,10,4,Furnace,Cannon,WizardTower,Xbow,,,,,,,,,,5271,WinChest2Region4,510,2174,3949,,9,12,3,1,1,,
174,35.1,1,4,4,4244,10,,Furnace,Inferno,ArcherTower,GoldStorage,,,,BabyDragon,Bomber,Barbarian,Goblin,Fireball,Step,5301,WinChest1Region4,530,2234,4039,10,10,12,3,1,1,SpellRegion,
,,2,4,4,4114,9,4,Cannon,Cannon,GoldStorage,Xbow,,,,,,,,,,5302,WinChest1Region4,530,2234,4039,,10,12,3,1,1,,
,,3,4,4,4114,11,4,Furnace,ArcherTower,GoldStorage,Xbow,,,,,,,,,,5303,WinChest1Region4,530,2234,4039,,10,12,3,1,1,,
175,35.2,1,4,4,4288,9,,Tesla,Inferno,ArcherTower,Xbow,Cannon,,,BabyDragon,Bomber,Barbarian,Goblin,Rocket,Step,5332,WinChest1Region4,530,2234,4039,10,10,12,3,1,1,SpellRegion,
,,2,4,4,4158,11,4,Furnace,Xbow,WizardTower,GoldStorage,Cannon,,,,,,,,,5333,WinChest1Region4,530,2234,4039,,10,12,3,1,1,,
,,3,4,4,4158,10,4,Cannon,WizardTower,ArcherTower,Mortar,ArcherTower,,,,,,,,,5334,WinChest1Region4,530,2234,4039,,10,12,3,1,1,,
176,35.3,1,4,4,4332,11,,Cannon,Inferno,GoldStorage,Mortar,,,,BabyDragon,Bomber,Pekka,Goblin,Fireball,Step,5363,WinChest1Region4,530,2234,4039,10,10,12,3,1,1,SpellRegion,
,,2,4,4,4202,10,4,Cannon,Cannon,ArcherTower,Mortar,GoldStorage,,,,,,,,,5364,WinChest1Region4,530,2234,4039,,10,12,3,1,1,,
,,3,4,4,4202,8,4,Furnace,Tesla,ArcherTower,Mortar,GoldStorage,,,,,,,,,5365,WinChest1Region4,530,2234,4039,,10,12,3,1,1,,
177,35.4,1,4,4,4244,10,,Furnace,Inferno,WizardTower,Xbow,,,,BabyDragon,Bomber,Barbarian,Giant,Zap,Retreat,5394,WinChest1Region4,530,2234,4039,10,10,12,3,1,1,SpellRegion,
,,2,4,4,4114,9,4,Furnace,Tesla,WizardTower,GoldStorage,,,,,,,,,,5395,WinChest1Region4,530,2234,4039,,10,12,3,1,1,,
,,3,4,4,4114,11,4,Cannon,WizardTower,ArcherTower,Xbow,,,,,,,,,,5396,WinChest1Region4,530,2234,4039,,10,12,3,1,1,,
178,35.5,1,4,4,6409,12,,Cannon,Tesla,GoldStorage,ArcherTower,,,,BabyDragon,Pekka,Wizard,Goblin,Log,Rush,5425,WinChest2Region4,530,2234,4039,10,10,12,3,1,1,SpellRegion,
,,2,4,4,6279,11,4,Furnace,GoldStorage,ArcherTower,Xbow,,,,,,,,,,5426,WinChest2Region4,530,2234,4039,,10,12,3,1,1,,
179,35.6,1,4,4,11718,13,,Inferno,Cannon,ArcherTower,Mortar,Xbow,,,BabyDragon,Pekka,Barbarian,Archer,Zap,Charge,5456,WinChest3Region4,530,2234,4039,10,10,12,3,1,1,SpellRegion,
180,36.1,1,4,4,4512,11,,Furnace,Tesla,Cannon,WizardTower,,,,BabyDragon,Bomber,Giant,Prince,Log,Step,5487,WinChest1Region4,540,2305,4145,10,10,13,3,1,1,SpellRegion,
,,2,3,4,4156,7,4,Furnace,Cannon,Mortar,Xbow,GoldStorage,,,,,,,,,5488,WinChest1Region4,540,2305,4145,,10,13,3,1,1,,
,,3,3,4,4156,9,4,Inferno,Tesla,WizardTower,Cannon,GoldStorage,,,,,,,,,5489,WinChest1Region4,540,2305,4145,,10,13,3,1,1,,
181,36.2,1,3,4,4286,8,,Tesla,Inferno,WizardTower,Xbow,GoldStorage,,,BabyDragon,Pekka,Barbarian,Goblin,Rocket,Charge,5518,WinChest1Region4,540,2305,4145,10,10,13,3,1,1,SpellRegion,
,,2,3,4,4198,10,4,Furnace,Xbow,WizardTower,GoldStorage,,,,,,,,,,5519,WinChest1Region4,540,2305,4145,,10,13,3,1,1,,
,,3,3,4,4198,9,4,Cannon,WizardTower,ArcherTower,Mortar,ArcherTower,,,,,,,,,5520,WinChest1Region4,540,2305,4145,,10,13,3,1,1,,
182,36.3,1,4,4,4556,9,,Furnace,ArcherTower,Mortar,Xbow,,,,BabyDragon,Bomber,Pekka,Giant,Log,Retreat,5549,WinChest1Region4,540,2305,4145,10,10,13,3,1,1,SpellRegion,
,,2,4,4,4470,10,4,Furnace,Cannon,Mortar,ArcherTower,,,,,,,,,,5550,WinChest1Region4,540,2305,4145,,10,13,3,1,1,,
,,3,4,4,4470,9,4,Furnace,Cannon,WizardTower,Xbow,,,,,,,,,,5551,WinChest1Region4,540,2305,4145,,10,13,3,1,1,,
183,36.4,1,4,4,6734,10,,Inferno,ArcherTower,Mortar,Xbow,,,,BabyDragon,Pekka,Barbarian,Prince,Zap,Step,5580,WinChest2Region4,540,2305,4145,10,10,13,3,1,1,SpellRegion,
,,2,4,4,6604,12,4,ArcherTower,Tesla,ArcherTower,Xbow,,,,,,,,,,5581,WinChest2Region4,540,2305,4145,,10,13,3,1,1,,
184,36.5,1,4,4,12306,11,,Furnace,Cannon,Mortar,ArcherTower,Tesla,GoldStorage,,BabyDragon,Archer,Giant,Goblin,Log,Charge,5611,WinChest3Region4,540,2305,4145,10,10,13,3,1,1,SpellRegion,
185,36.6,1,4,4,12292,12,4,Furnace,Inferno,Cannon,WizardTower,Xbow,,,Barbarian,Bomber,Pekka,Archer,Log,Rush,5642,WinChest3Region4,540,2305,4145,10,10,13,3,1,1,SpellRegion,
186,36.7,1,4,4,12548,11,,,,,,,,PapaDragon,Wizard,Goblin,Archer,Prince,Fireball,Step,5673,WinChest3Region4,540,2305,4145,10,10,13,3,1,1,SpellRegion,
